frequency,quantity
0,0.0001639241
1,9.178047E-06
2,0.000121494
3,0.0001111138
4,6.55098E-05
5,8.670791E-05
6,3.83334E-05
7,2.252296E-05
8,1.969615E-05
9,1.127804E-05
10,4.204158E-05
11,1.672564E-05
12,1.839547E-05
13,3.404399E-05
14,1.398579E-05
15,2.060026E-06
16,4.650835E-06
17,5.751401E-06
18,8.898242E-06
19,1.982993E-05
20,1.748725E-05
21,2.092391E-05
22,1.978662E-05
23,1.21215E-05
24,1.576162E-05
25,8.91624E-06
26,2.210719E-05
27,5.061363E-06
28,1.139304E-05
29,2.419593E-05
30,1.063544E-06
31,7.887973E-06
32,2.491256E-05
33,3.912474E-06
34,2.030456E-05
35,2.290708E-06
36,2.244518E-05
37,1.528205E-05
38,1.46214E-05
39,2.00308E-05
40,2.029515E-05
41,1.335166E-05
42,1.291819E-05
43,1.566363E-05
44,5.787651E-06
45,4.662672E-06
46,1.643803E-05
47,4.627495E-06
48,1.154466E-05
49,1.03338E-05
50,1.76197E-05
51,1.672151E-05
52,8.583853E-06
53,1.642588E-05
54,1.603696E-06
55,9.805641E-06
56,8.958898E-06
57,8.540183E-06
58,8.378242E-06
59,3.449443E-06
60,7.004723E-06
61,1.056701E-05
62,5.183149E-07
63,2.432958E-06
64,1.845987E-06
65,5.181039E-06
66,3.419766E-06
67,4.365916E-06
68,3.304367E-06
69,3.758562E-06
70,9.424585E-06
71,3.821173E-06
72,5.894092E-06
73,4.920051E-07
74,8.052997E-06
75,9.568252E-06
76,1.619493E-07
77,5.113647E-06
78,6.625418E-06
79,7.343655E-06
80,2.060006E-06
81,2.139445E-06
82,7.772393E-07
83,3.984636E-06
84,2.230139E-06
85,1.039424E-06
86,3.272118E-06
87,2.59921E-06
88,2.422825E-06
89,9.341472E-07
90,2.001959E-06
91,1.356146E-06
92,2.107982E-06
93,4.070541E-06
94,2.881274E-06
95,2.695779E-06
96,1.232837E-06
97,6.653195E-07
98,4.073987E-06
99,1.44214E-06
100,1.439792E-06
101,1.690669E-06
102,1.989889E-06
103,1.13051E-06
104,3.879655E-06
105,3.181834E-06
106,1.70319E-06
107,9.565318E-07
108,2.575406E-06
109,2.84016E-06
110,2.956478E-06
111,3.413537E-06
112,2.832583E-06
113,9.643616E-07
114,1.015166E-06
115,2.078295E-06
116,1.429326E-06
117,2.991204E-06
118,4.406649E-06
119,1.487977E-06
120,3.386832E-06
121,3.890619E-06
122,1.861469E-06
123,1.744519E-06
124,2.152271E-06
125,1.353419E-06
126,8.586903E-07
127,2.280024E-06
128,3.301362E-06
129,3.908928E-06
130,1.594945E-07
131,6.107749E-06
132,4.080606E-06
133,8.319241E-06
134,4.23006E-06
135,7.179718E-06
136,3.422859E-06
137,8.590819E-07
138,5.335789E-06
139,4.237419E-06
140,1.184431E-06
141,2.138564E-06
142,3.023229E-06
143,1.698232E-06
144,3.859011E-06
145,2.009523E-06
146,1.106695E-06
147,1.607141E-06
148,1.184188E-06
149,2.828968E-06
150,3.474323E-06
151,5.354728E-06
152,7.680652E-06
153,1.693131E-06
154,2.11432E-06
155,9.361233E-06
156,9.343822E-07
157,1.870464E-06
158,2.420016E-06
159,2.710087E-06
160,2.681039E-06
161,3.901894E-06
162,3.037449E-06
163,4.622199E-06
164,4.434499E-06
165,5.899371E-06
166,4.431669E-06
167,2.105297E-06
168,1.901901E-05
169,1.07567E-05
170,2.016212E-05
171,3.667653E-05
172,3.981107E-06
173,1.143725E-05
174,4.027417E-06
175,6.18705E-07
176,3.009286E-06
177,5.424089E-06
178,1.748726E-06
179,8.555035E-06
180,1.80792E-06
181,4.071227E-06
182,3.379496E-06
183,2.359873E-06
184,2.598597E-06
185,2.762695E-06
186,2.146779E-06
187,2.154539E-06
188,3.436111E-06
189,1.584518E-06
190,1.817046E-06
191,1.129374E-06
192,3.152196E-06
193,2.655297E-06
194,5.11438E-06
195,3.788726E-07
196,6.958567E-06
197,2.351755E-06
198,5.409148E-06
199,4.623655E-06
200,5.762275E-06
201,5.345991E-06
202,3.100282E-06
203,2.914936E-06
204,1.178538E-06
205,5.045186E-06
206,3.330524E-06
207,6.425311E-06
208,7.282923E-06
209,1.150283E-06
210,3.151785E-06
211,1.201589E-06
212,1.453892E-06
213,1.818164E-06
214,3.162089E-06
215,3.376445E-06
216,2.948841E-06
217,1.510794E-06
218,1.359609E-06
219,7.7609E-07
220,2.619458E-06
221,4.668219E-06
222,4.79992E-07
223,4.351095E-06
224,4.512465E-06
225,1.715897E-06
226,3.230125E-06
227,3.779543E-06
228,1.906215E-06
229,3.531425E-06
230,5.028024E-06
231,2.562771E-06
232,1.992335E-06
233,5.0868E-06
234,2.947706E-06
235,2.690279E-06
236,4.817854E-06
237,3.003234E-06
238,2.361045E-06
239,3.2486E-06
240,1.217843E-06
241,1.497124E-06
242,1.306015E-06
243,2.722445E-06
244,1.404881E-06
245,2.146421E-06
246,3.761963E-06
247,2.71458E-06
248,1.635845E-06
249,2.010783E-06
250,1.675296E-06
251,2.49986E-06
252,8.53901E-07
253,3.990822E-06
254,1.121778E-06
255,0
0,0.00177401
1,0.003466849
2,0.01637195
3,0.0280344
4,0.01358835
5,0.01111943
6,0.01497522
7,0.01452779
8,0.02448409
9,0.04152732
10,0.02213398
11,0.02053588
12,0.02955251
13,0.0171377
14,0.01541211
15,0.01996586
16,0.007259157
17,0.007880275
18,0.004137134
19,0.00239653
20,0.001845942
21,0.002820514
22,0.0002351934
23,0.0004335799
24,0.001553755
25,0.001093686
26,0.001918534
27,0.0009890792
28,0.000985157
29,0.0008264534
30,0.001044157
31,0.001203805
32,0.001084976
33,0.001671787
34,0.002128713
35,0.0009900961
36,0.0007737345
37,0.0002743046
38,0.0002762974
39,0.0002597679
40,0.0002312618
41,0.0002020269
42,0.0002107669
43,0.0001955306
44,0.0001827836
45,0.0006574562
46,0.0004708684
47,0.0005618391
48,0.0005873378
49,0.0003658731
50,0.0002638007
51,0.0002539557
52,0.0001963289
53,0.0002873666
54,0.0001418042
55,0.0002083885
56,0.0001797428
57,0.0001860347
58,0.0002699349
59,0.0003033574
60,0.0005567613
61,0.000264126
62,0.0005383538
63,0.0007995291
64,0.0009667617
65,0.0004926895
66,0.00210214
67,0.0007559455
68,0.000437946
69,0.0009915417
70,0.0006510289
71,0.0003104459
72,0.000306295
73,0.0001867953
74,0.0004497709
75,0.0003952963
76,0.000151322
77,0.0005889605
78,0.0001785755
79,0.0002398429
80,0.0001686942
81,4.759961E-05
82,4.48162E-05
83,5.068098E-05
84,5.656708E-05
85,5.225393E-05
86,5.40948E-05
87,5.004198E-05
88,5.416096E-05
89,4.984363E-05
90,4.788455E-05
91,5.011102E-05
92,4.26489E-05
93,5.364032E-05
94,4.610547E-05
95,5.357703E-05
96,4.976372E-05
97,4.812093E-05
98,4.695284E-05
99,4.962136E-05
100,4.838267E-05
101,4.925379E-05
102,4.603287E-05
103,4.490701E-05
104,4.518022E-05
105,4.248607E-05
106,4.576881E-05
107,4.512219E-05
108,4.583618E-05
109,4.448551E-05
110,4.465694E-05
111,4.496858E-05
112,3.856296E-05
113,3.85732E-05
114,4.375638E-05
115,4.037698E-05
116,3.928204E-05
117,3.95337E-05
118,3.702505E-05
119,3.850841E-05
120,3.867974E-05
121,4.129801E-05
122,4.30899E-05
123,4.01625E-05
124,3.840913E-05
125,3.695654E-05
126,3.960557E-05
127,4.143165E-05
128,4.002819E-05
129,3.939418E-05
130,4.252357E-05
131,3.831226E-05
132,3.753159E-05
133,3.758174E-05
134,3.806037E-05
135,3.262759E-05
136,3.465532E-05
137,3.439897E-05
138,3.784528E-05
139,3.94148E-05
140,3.74071E-05
141,3.535962E-05
142,3.492166E-05
143,3.610228E-05
144,3.651535E-05
145,3.388726E-05
146,3.493405E-05
147,3.13267E-05
148,3.288056E-05
149,3.503623E-05
150,2.64543E-05
151,3.580434E-05
152,3.17229E-05
153,3.352522E-05
154,2.529925E-05
155,4.109256E-05
156,4.399364E-05
157,3.237911E-05
158,2.006394E-05
159,3.453814E-05
160,3.203968E-05
161,3.602184E-05
162,3.018268E-05
163,2.999706E-05
164,4.157803E-05
165,3.075025E-05
166,3.283462E-05
167,2.979574E-05
168,4.266305E-05
169,3.845984E-05
170,6.097863E-05
171,3.314273E-05
172,1.97808E-05
173,2.881946E-05
174,1.486404E-05
175,2.934956E-05
176,3.137418E-05
177,2.533043E-05
178,3.140176E-05
179,4.651624E-05
180,3.807781E-05
181,2.190373E-05
182,1.305185E-05
183,2.383879E-05
184,3.261949E-05
185,2.16071E-05
186,3.079577E-05
187,2.935076E-05
188,2.888534E-05
189,2.165574E-05
190,2.544451E-05
191,2.854253E-05
192,2.821881E-05
193,2.806118E-05
194,2.905966E-05
195,3.009049E-05
196,2.802107E-05
197,2.582353E-05
198,2.290812E-05
199,3.264268E-05
200,2.569322E-05
201,2.806228E-05
202,2.246404E-05
203,3.170136E-05
204,3.086204E-05
205,2.665995E-05
206,2.933316E-05
207,2.808743E-05
208,2.613502E-05
209,2.792407E-05
210,2.679151E-05
211,2.332679E-05
212,2.966737E-05
213,2.294935E-05
214,2.266936E-05
215,2.149333E-05
216,2.329722E-05
217,2.499026E-05
218,2.646788E-05
219,2.920049E-05
220,2.52659E-05
221,2.876505E-05
222,2.343697E-05
223,2.450753E-05
224,2.631704E-05
225,2.841521E-05
226,2.342196E-05
227,2.486225E-05
228,2.452637E-05
229,2.483471E-05
230,2.935208E-05
231,2.553133E-05
232,3.036559E-05
233,2.923278E-05
234,2.074327E-05
235,2.652339E-05
236,2.658533E-05
237,2.107853E-05
238,2.467008E-05
239,2.667192E-05
240,2.902442E-05
241,2.453083E-05
242,2.565473E-05
243,2.974563E-05
244,2.711913E-05
245,2.322522E-05
246,2.300438E-05
247,2.557615E-05
248,2.60803E-05
249,2.761514E-05
250,2.391282E-05
251,2.520307E-05
252,2.648188E-05
253,2.701213E-05
254,2.750228E-05
255,0
0,0.0119439
1,0.01535507
2,0.04540688
3,0.02673089
4,0.003659088
5,0.07286424
6,0.02606649
7,0.05734742
8,0.0144927
9,0.0359734
10,0.05876385
11,0.0142067
12,0.04933303
13,0.007324684
14,0.02573214
15,0.02685412
16,0.008951006
17,0.01430008
18,0.006653112
19,0.009077396
20,0.001719172
21,0.002908916
22,0.001343102
23,0.001804008
24,0.001545648
25,0.00185502
26,0.001495218
27,0.001852881
28,0.001543273
29,0.002404023
30,0.002409087
31,0.003742149
32,0.0008027468
33,0.002207202
34,0.004578751
35,0.001661504
36,0.002962172
37,0.0001943104
38,0.0002222321
39,0.0005213328
40,0.0004421583
41,0.0005798914
42,0.0004583914
43,0.0004944067
44,0.0004478349
45,0.0004258787
46,0.0007386698
47,0.001530114
48,0.00173977
49,0.0009337378
50,0.0007625156
51,0.001440781
52,0.001597752
53,0.001494958
54,0.0006987943
55,0.0007575547
56,0.0001779335
57,9.62808E-05
58,0.0004717612
59,0.0001679106
60,0.0001615899
61,0.0009296974
62,4.648316E-05
63,0.0008393105
64,0.0004222617
65,0.0005443416
66,7.520358E-05
67,0.001122594
68,0.001545415
69,0.0003450654
70,0.0007041915
71,0.000400204
72,0.000552583
73,0.0003987225
74,0.0004757335
75,0.0009228539
76,0.0009561008
77,0.0004170809
78,0.0003836096
79,0.0003842458
80,0.0003284864
81,0.0002473262
82,0.000246265
83,0.0002452971
84,0.0002476504
85,0.0002404755
86,0.0002438456
87,0.0002413191
88,0.0002436155
89,0.0002333214
90,0.0002360757
91,0.0002374259
92,0.000228603
93,0.0002269117
94,0.0002255343
95,0.000221239
96,0.0002243906
97,0.0002143499
98,0.0002154273
99,0.0002164426
100,0.0002103988
101,0.0002149302
102,0.000213741
103,0.0002107446
104,0.0002027908
105,0.0002046079
106,0.0002010506
107,0.0001997373
108,0.0002006362
109,0.0002011697
110,0.0001945856
111,0.0001918206
112,0.0001911348
113,0.0001911287
114,0.0001889032
115,0.0001866775
116,0.0001842879
117,0.0001835269
118,0.0001832814
119,0.000182258
120,0.0001819191
121,0.000179292
122,0.0001808946
123,0.0001737134
124,0.0001735217
125,0.0001761067
126,0.0001726236
127,0.0001712709
128,0.0001755366
129,0.0001718736
130,0.0001651634
131,0.0001729504
132,0.0001666393
133,0.0001559492
134,0.000166195
135,0.0001575219
136,0.000161204
137,0.0001666789
138,0.0001604179
139,0.0001614184
140,0.0001613216
141,0.000162324
142,0.0001536576
143,0.000157273
144,0.0001560589
145,0.0001524661
146,0.0001542965
147,0.0001546636
148,0.0001551607
149,0.0001574972
150,0.0001502997
151,0.0001582051
152,0.0001506241
153,0.000151892
154,0.0001423368
155,0.000144925
156,0.000167375
157,0.0001409447
158,0.0001453745
159,0.0001386001
160,0.0001402275
161,0.0001457374
162,0.0001377755
163,0.000128887
164,0.0001477173
165,0.0001359265
166,0.0001814749
167,0.0001482829
168,0.0001484783
169,0.0001358883
170,0.0001365234
171,0.0001435553
172,0.0001340318
173,0.0001118001
174,0.0001374864
175,0.0001300571
176,0.0001427907
177,0.0001391808
178,0.0001210814
179,0.0001263412
180,0.0001138564
181,0.0001487619
182,0.0001405189
183,0.0001416072
184,0.0001363633
185,0.0001437062
186,0.0001300202
187,0.0001355164
188,0.0001313146
189,0.000130215
190,0.000131532
191,0.0001307257
192,0.0001284238
193,0.0001281947
194,0.0001303884
195,0.0001270115
196,0.000126335
197,0.0001259491
198,0.0001295083
199,0.0001270476
200,0.0001297008
201,0.0001250191
202,0.0001194774
203,0.0001257949
204,0.0001229485
205,0.0001290473
206,0.0001247923
207,0.0001309154
208,0.0001293042
209,0.0001253361
210,0.0001240709
211,0.0001257393
212,0.0001274732
213,0.0001272467
214,0.0001223829
215,0.0001216203
216,0.00012641
217,0.0001284891
218,0.0001212017
219,0.0001257896
220,0.0001228686
221,0.0001206638
222,0.0001207444
223,0.0001229867
224,0.0001291588
225,0.0001247531
226,0.0001211585
227,0.0001241398
228,0.0001203646
229,0.000124756
230,0.0001215389
231,0.0001203672
232,0.0001190888
233,0.000125481
234,0.0001238232
235,0.0001179039
236,0.0001177159
237,0.0001242386
238,0.0001243898
239,0.0001191214
240,0.0001196545
241,0.0001175539
242,0.0001178511
243,0.0001251183
244,0.0001237203
245,0.000126155
246,0.0001172789
247,0.0001174309
248,0.0001209215
249,0.0001160159
250,0.0001188628
251,0.0001166356
252,0.0001229207
253,0.000119994
254,0.000121174
255,0
0,0.01398201
1,0.01640892
2,0.03610551
3,0.02914477
4,0.008357803
5,0.0603114
6,0.0145387
7,0.04745633
8,0.05412076
9,0.02071228
10,0.05421764
11,0.01879737
12,0.03541435
13,0.02710355
14,0.005926666
15,0.02209431
16,0.004440063
17,0.00716299
18,0.006093825
19,0.002247063
20,0.004224812
21,0.001860454
22,0.003221496
23,0.002562841
24,0.001538513
25,0.0005390754
26,0.001720741
27,0.003012999
28,0.001536778
29,0.001101349
30,0.0006887654
31,0.001298341
32,0.001524984
33,0.0005593895
34,0.001017851
35,0.002970621
36,0.001640634
37,0.001403983
38,0.0002345526
39,0.0003346395
40,0.0002016725
41,0.0005190003
42,0.0005594965
43,0.0005950175
44,0.0005417537
45,0.0005380319
46,0.0007533494
47,0.0017091
48,0.002012359
49,0.001556147
50,0.001718845
51,0.001407891
52,0.001827239
53,0.0008532903
54,0.0005359952
55,0.0003885131
56,0.0003156395
57,0.0004288325
58,0.0007672433
59,0.0006533036
60,0.0004490498
61,5.774884E-05
62,0.0007184287
63,0.0001664958
64,0.0006422646
65,0.0006812389
66,0.0009577018
67,0.001624205
68,0.001174403
69,0.000258586
70,0.0003645528
71,0.0002898273
72,0.0005196683
73,0.0002607306
74,0.0002650701
75,0.0005763188
76,0.0002656553
77,0.0003742272
78,0.000232082
79,0.0003344396
80,0.0002807035
81,0.0002884703
82,0.0002843519
83,0.0002805892
84,0.0002827905
85,0.0002757494
86,0.0002732573
87,0.0002617855
88,0.0002731049
89,0.000270706
90,0.0002631524
91,0.0002692765
92,0.000263278
93,0.0002619656
94,0.0002590468
95,0.0002563409
96,0.0002499703
97,0.0002493462
98,0.0002474706
99,0.0002460158
100,0.0002440596
101,0.0002401907
102,0.0002426912
103,0.000236328
104,0.0002376678
105,0.0002343213
106,0.0002306086
107,0.0002337206
108,0.0002288989
109,0.0002248685
110,0.0002286828
111,0.0002251968
112,0.0002233727
113,0.0002191628
114,0.0002186941
115,0.0002201314
116,0.0002175402
117,0.0002132676
118,0.0002157007
119,0.0002081918
120,0.0002094079
121,0.0002186424
122,0.0002068034
123,0.0002107417
124,0.0002050735
125,0.0002093636
126,0.0002033509
127,0.0001928748
128,0.0001967341
129,0.0001981479
130,0.000194044
131,0.0002003
132,0.0001949489
133,0.0001971382
134,0.0001923903
135,0.0001934904
136,0.0001910309
137,0.0001961298
138,0.0001916054
139,0.0001861896
140,0.0001878983
141,0.0001871119
142,0.0001850845
143,0.0001861055
144,0.0001843134
145,0.0001826042
146,0.0001808392
147,0.0001794762
148,0.0001804671
149,0.00018021
150,0.000179293
151,0.0001772906
152,0.0001787143
153,0.0001790279
154,0.0001764726
155,0.0001725763
156,0.0001724731
157,0.0001729738
158,0.0001440865
159,0.0001781124
160,0.0001832046
161,0.0001627309
162,0.0001644664
163,0.0001387269
164,0.0001787345
165,0.0001728386
166,0.0001645847
167,0.0001663808
168,0.0001680929
169,0.0001652834
170,0.0001657557
171,0.0001677125
172,0.0001677744
173,0.000168854
174,0.0001647085
175,0.0001661706
176,0.0001614362
177,0.0001607363
178,0.0001311323
179,0.0001713483
180,0.0001770302
181,0.0001336345
182,0.0001576042
183,0.0001667272
184,0.0001541849
185,0.0001522779
186,0.0001525093
187,0.0001547352
188,0.0001593046
189,0.0001578794
190,0.0001494877
191,0.0001522457
192,0.0001501607
193,0.000153001
194,0.0001546064
195,0.0001541593
196,0.0001533669
197,0.0001517988
198,0.000152127
199,0.000153748
200,0.0001519723
201,0.000146985
202,0.0001478163
203,0.0001497069
204,0.0001545986
205,0.0001513378
206,0.0001497178
207,0.0001512472
208,0.0001547408
209,0.0001452733
210,0.0001469259
211,0.0001503068
212,0.0001466553
213,0.0001489623
214,0.0001471705
215,0.0001503565
216,0.0001436458
217,0.0001486541
218,0.0001465869
219,0.0001488833
220,0.0001464769
221,0.0001438921
222,0.0001438499
223,0.0001513917
224,0.0001486433
225,0.0001458474
226,0.0001451376
227,0.0001416361
228,0.0001436978
229,0.0001429721
230,0.0001468216
231,0.000141954
232,0.0001402632
233,0.0001471938
234,0.0001380044
235,0.0001435717
236,0.0001479218
237,0.0001404233
238,0.0001426008
239,0.0001444951
240,0.0001422163
241,0.0001464914
242,0.000144151
243,0.0001415273
244,0.0001405244
245,0.0001436303
246,0.0001419915
247,0.0001466011
248,0.0001416632
249,0.0001417081
250,0.0001393393
251,0.0001397609
252,0.0001433288
253,0.0001401607
254,0.0001396182
255,0
0,0.001310146
1,0.007382173
2,0.03191697
3,0.03172521
4,0.01211632
5,0.05905009
6,0.009827615
7,0.04953234
8,0.04178298
9,0.01368482
10,0.0820245
11,0.01525418
12,0.03273851
13,0.02725809
14,0.01122304
15,0.03321653
16,0.01203652
17,0.01040794
18,0.008856618
19,0.00709424
20,0.01035177
21,0.006600461
22,0.003482959
23,0.007103074
24,0.006485072
25,0.004261037
26,0.004817959
27,0.005850514
28,0.005027995
29,0.004726662
30,0.003791222
31,0.003857168
32,0.005795666
33,0.004865517
34,0.003137105
35,0.001301754
36,0.002840434
37,0.001984706
38,0.00278209
39,0.00277291
40,0.002679826
41,0.002638974
42,0.002742971
43,0.002518225
44,0.002405448
45,0.002230726
46,0.002898404
47,0.001664693
48,0.002023936
49,0.001796893
50,0.00250102
51,0.002512904
52,0.001174458
53,0.002068937
54,0.001969051
55,0.002404033
56,0.002316965
57,0.001469597
58,0.002063917
59,0.00207425
60,0.001161019
61,0.002236582
62,0.001582811
63,0.00197436
64,0.002231818
65,0.001144572
66,0.001916397
67,0.001945988
68,0.001359035
69,0.002128651
70,0.001484182
71,0.001406318
72,0.00190322
73,0.001669273
74,0.001538482
75,0.001930308
76,0.001032517
77,0.001808388
78,0.001413524
79,0.001380594
80,0.001419474
81,0.001382791
82,0.001370444
83,0.001347715
84,0.001323904
85,0.001322185
86,0.0012972
87,0.001300261
88,0.001283534
89,0.001264763
90,0.001255047
91,0.00123794
92,0.001232367
93,0.001213815
94,0.001202862
95,0.001193798
96,0.001178804
97,0.001170419
98,0.001161148
99,0.00114922
100,0.001139147
101,0.001127564
102,0.001123204
103,0.001105382
104,0.001101079
105,0.001090353
106,0.001082321
107,0.001074599
108,0.001062896
109,0.001054816
110,0.001048478
111,0.001042073
112,0.001031497
113,0.001021785
114,0.001021256
115,0.001011538
116,0.001007834
117,0.0009970817
118,0.0009894267
119,0.000987442
120,0.000972864
121,0.0009777137
122,0.0009659217
123,0.0009620134
124,0.0009524925
125,0.000941487
126,0.000941862
127,0.0009352685
128,0.0009279544
129,0.0009163693
130,0.000915686
131,0.0009131485
132,0.0009076075
133,0.0008980732
134,0.0008923894
135,0.0008922731
136,0.0008878834
137,0.0008839662
138,0.0008769677
139,0.0008655469
140,0.0008642832
141,0.0008576218
142,0.0008573554
143,0.0008518333
144,0.0008496461
145,0.0008408924
146,0.0008372864
147,0.0008335641
148,0.0008281285
149,0.0008273075
150,0.0008191536
151,0.0008218052
152,0.0008158031
153,0.0008110094
154,0.0008032853
155,0.0008007569
156,0.0008072996
157,0.0008026813
158,0.000812749
159,0.0007781061
160,0.0007839114
161,0.0007868872
162,0.0007802949
163,0.0007577002
164,0.0007803605
165,0.0007824036
166,0.0007564173
167,0.0007642578
168,0.0007530418
169,0.0007644126
170,0.0007612849
171,0.0007608521
172,0.0007574779
173,0.0007732836
174,0.0007401617
175,0.0007402232
176,0.0007364724
177,0.0007325658
178,0.0007089553
179,0.0007329528
180,0.0007258423
181,0.0007458599
182,0.0007337752
183,0.0007160933
184,0.0007277623
185,0.0007270986
186,0.0007138167
187,0.0007159939
188,0.000714816
189,0.0007116908
190,0.0007121789
191,0.000713373
192,0.0007104615
193,0.0007085722
194,0.0007027324
195,0.0006966473
196,0.0007021241
197,0.0007009096
198,0.0006976965
199,0.0006908912
200,0.0006967611
201,0.0006969707
202,0.0006894318
203,0.0006885458
204,0.0006910176
205,0.0006844858
206,0.0006889582
207,0.0006835771
208,0.0006837613
209,0.0006843771
210,0.0006777284
211,0.0006846556
212,0.0006789253
213,0.0006787966
214,0.0006744753
215,0.000679446
216,0.0006754837
217,0.0006754793
218,0.0006729519
219,0.0006739662
220,0.0006750069
221,0.0006688958
222,0.0006651453
223,0.0006713669
224,0.0006641666
225,0.0006641518
226,0.0006656412
227,0.000666749
228,0.0006627571
229,0.0006638826
230,0.0006621374
231,0.0006618066
232,0.0006568165
233,0.0006646524
234,0.0006600763
235,0.0006608757
236,0.0006595105
237,0.0006602312
238,0.0006579229
239,0.0006568241
240,0.0006560055
241,0.0006557667
242,0.000654876
243,0.000660177
244,0.0006523627
245,0.0006554593
246,0.0006604068
247,0.0006571159
248,0.000651245
249,0.0006555615
250,0.0006538991
251,0.0006568355
252,0.0006487123
253,0.0006549217
254,0.0006561817
255,0
0,0.01739211
1,0.02020177
2,0.04210968
3,0.02106354
4,0.004277811
5,0.07114076
6,0.01801889
7,0.05965934
8,0.03103076
9,0.008537889
10,0.08316602
11,0.02562797
12,0.0527313
13,0.007910143
14,0.005292606
15,0.02293422
16,0.004932039
17,0.007145706
18,0.0005320094
19,0.001617014
20,0.003396075
21,0.001019447
22,0.002450453
23,0.0006319548
24,0.001073813
25,0.00174799
26,0.0003564597
27,0.002690897
28,0.000272924
29,0.001053347
30,0.002224148
31,0.0005103088
32,0.003233154
33,0.0007390642
34,0.003796903
35,0.003143649
36,0.001190854
37,0.001413571
38,0.0006316734
39,0.0005225101
40,0.0004789029
41,0.0004238783
42,0.0003778323
43,0.0003217816
44,0.0002832681
45,0.0002511345
46,0.0008469016
47,0.002633481
48,0.002187802
49,0.001861984
50,0.0008989126
51,0.001490685
52,0.001894482
53,0.0005598179
54,0.001574096
55,0.000457171
56,0.0003705066
57,0.0005582693
58,8.8487E-05
59,0.0006238929
60,0.0004098043
61,0.000396072
62,0.0001451714
63,0.0001331992
64,0.0006661959
65,0.0007152801
66,0.000430398
67,0.000154744
68,0.000664808
69,0.0003732701
70,0.0002661799
71,7.43619E-05
72,0.0002080876
73,0.0001166689
74,0.0001965713
75,0.0001623838
76,0.000589936
77,0.0004826874
78,0.0002679121
79,0.0001909175
80,6.099448E-05
81,7.94022E-05
82,7.830757E-05
83,8.155945E-05
84,8.344919E-05
85,8.621727E-05
86,7.998003E-05
87,7.553332E-05
88,8.157899E-05
89,8.077265E-05
90,7.710734E-05
91,8.521543E-05
92,7.769105E-05
93,7.612695E-05
94,7.829999E-05
95,7.765652E-05
96,6.855765E-05
97,7.475128E-05
98,7.241491E-05
99,7.311846E-05
100,7.072221E-05
101,7.081114E-05
102,6.964982E-05
103,7.161134E-05
104,6.939274E-05
105,6.865794E-05
106,6.961456E-05
107,6.620282E-05
108,6.988134E-05
109,7.096846E-05
110,6.501867E-05
111,6.911963E-05
112,6.100396E-05
113,6.395004E-05
114,6.35148E-05
115,6.481385E-05
116,6.220476E-05
117,6.169742E-05
118,6.145363E-05
119,6.399467E-05
120,5.982826E-05
121,6.72855E-05
122,5.945589E-05
123,5.800647E-05
124,6.198291E-05
125,6.319972E-05
126,5.564518E-05
127,6.576645E-05
128,5.911479E-05
129,6.280224E-05
130,5.263738E-05
131,5.953185E-05
132,6.174228E-05
133,5.688624E-05
134,6.217109E-05
135,6.223124E-05
136,5.15471E-05
137,5.406006E-05
138,5.587884E-05
139,5.684742E-05
140,5.321287E-05
141,5.509727E-05
142,5.3995E-05
143,5.460835E-05
144,5.611713E-05
145,5.151939E-05
146,4.99178E-05
147,5.087986E-05
148,4.98977E-05
149,5.064606E-05
150,5.033086E-05
151,5.541214E-05
152,5.357801E-05
153,5.293354E-05
154,5.140879E-05
155,4.836925E-05
156,4.953285E-05
157,4.52243E-05
158,3.669986E-05
159,5.990293E-05
160,5.518351E-05
161,5.840199E-05
162,4.958435E-05
163,4.481861E-05
164,6.307547E-05
165,6.520939E-05
166,2.576946E-05
167,3.871805E-05
168,2.968151E-05
169,3.965084E-05
170,3.147563E-05
171,9.717121E-05
172,5.918157E-05
173,4.088276E-05
174,5.949445E-05
175,5.541773E-05
176,5.820205E-05
177,5.573794E-05
178,8.712987E-05
179,5.77434E-05
180,7.725012E-05
181,2.891048E-05
182,3.711068E-05
183,2.52606E-05
184,4.054363E-05
185,5.217005E-05
186,4.378839E-05
187,4.754368E-05
188,3.993389E-05
189,4.489682E-05
190,4.841347E-05
191,4.433871E-05
192,4.75977E-05
193,3.992426E-05
194,3.968751E-05
195,4.859107E-05
196,4.329333E-05
197,4.690151E-05
198,4.516371E-05
199,4.587871E-05
200,3.320949E-05
201,4.950387E-05
202,4.625222E-05
203,4.431291E-05
204,4.280153E-05
205,4.776114E-05
206,4.356203E-05
207,4.338845E-05
208,4.983153E-05
209,4.138829E-05
210,4.916793E-05
211,4.293901E-05
212,4.446314E-05
213,4.097269E-05
214,4.107853E-05
215,3.939423E-05
216,4.348764E-05
217,4.252962E-05
218,4.37815E-05
219,4.34983E-05
220,4.280809E-05
221,4.999677E-05
222,4.2949E-05
223,4.294148E-05
224,4.137295E-05
225,4.124697E-05
226,4.214151E-05
227,4.539658E-05
228,4.043999E-05
229,4.515634E-05
230,4.698561E-05
231,4.105453E-05
232,4.309459E-05
233,4.396796E-05
234,4.426671E-05
235,3.740434E-05
236,4.022335E-05
237,4.09928E-05
238,4.5085E-05
239,4.000035E-05
240,4.118105E-05
241,4.543192E-05
242,4.488432E-05
243,4.308235E-05
244,3.895877E-05
245,4.596801E-05
246,4.141089E-05
247,4.390582E-05
248,4.05533E-05
249,4.053485E-05
250,4.24759E-05
251,4.599849E-05
252,4.156383E-05
253,4.219448E-05
254,4.200134E-05
255,0
0,0.01361186
1,0.01562881
2,0.0361418
3,0.02401112
4,0.009008297
5,0.05832312
6,0.01279158
7,0.05620431
8,0.05022073
9,0.02732218
10,0.05373254
11,0.009231194
12,0.03882633
13,0.0214601
14,0.01532379
15,0.02046629
16,0.002920423
17,0.00549457
18,0.001352011
19,0.001934729
20,0.003064826
21,0.001620319
22,0.003108105
23,0.0009532747
24,0.001411894
25,0.001947431
26,0.0009562419
27,0.003184192
28,0.001255967
29,0.002317864
30,0.002682749
31,0.001538233
32,0.005351
33,0.002204621
34,0.005414784
35,0.005331212
36,0.001835774
37,0.001946081
38,0.0007555229
39,0.0006484537
40,0.0006872318
41,0.0006036718
42,0.000625827
43,0.0005852854
44,0.0005652161
45,0.000538952
46,0.0006838893
47,0.001531924
48,0.001308761
49,0.0006527136
50,0.0009015377
51,0.0008257691
52,0.00168926
53,0.0002616218
54,0.00114561
55,0.0005428745
56,0.000585182
57,0.001065281
58,0.0004046907
59,0.0004925905
60,0.0003526846
61,0.0004402554
62,0.001091486
63,0.0003652992
64,0.0005169568
65,0.0003407245
66,0.000154971
67,0.0009164267
68,0.0004068642
69,0.001046204
70,0.0005210708
71,0.0002139388
72,0.0003791317
73,0.000465989
74,0.0004105855
75,0.000299766
76,0.0002553962
77,0.0003586417
78,0.0003858813
79,0.0004236945
80,0.0001981229
81,0.0002441818
82,0.0002515623
83,0.0002447963
84,0.0002406715
85,0.0002536312
86,0.0002382898
87,0.0002470842
88,0.0002374284
89,0.0002391877
90,0.000241601
91,0.0002427368
92,0.0002347615
93,0.0002327867
94,0.0002314259
95,0.0002325883
96,0.0002275583
97,0.0002236554
98,0.0002254447
99,0.0002166779
100,0.0002230253
101,0.0002198473
102,0.0002144477
103,0.000214398
104,0.0002121595
105,0.0002133038
106,0.0002103437
107,0.0002087755
108,0.0002063954
109,0.0002041813
110,0.0002053845
111,0.0002028868
112,0.0001990815
113,0.0001938808
114,0.0001976208
115,0.0001962002
116,0.0001955956
117,0.0001952904
118,0.0001912037
119,0.0001877852
120,0.0001953864
121,0.000185606
122,0.0001890094
123,0.0001870946
124,0.0001881834
125,0.0001824474
126,0.0001812136
127,0.0001817031
128,0.0001782478
129,0.0001816222
130,0.0001834704
131,0.0001792698
132,0.0001784508
133,0.000175729
134,0.0001724647
135,0.0001720658
136,0.0001665049
137,0.0001721508
138,0.000169577
139,0.0001752324
140,0.0001714518
141,0.0001691537
142,0.0001693111
143,0.0001676156
144,0.0001683593
145,0.0001695527
146,0.0001623283
147,0.0001625134
148,0.0001623233
149,0.0001618625
150,0.0001601904
151,0.0001606142
152,0.0001542435
153,0.0001576024
154,0.0001612373
155,0.0001554659
156,0.0001570497
157,0.0001529176
158,0.0001326302
159,0.0001731124
160,0.0001628443
161,0.0001440785
162,0.0001484584
163,0.0001287074
164,0.000155427
165,0.0001402434
166,0.0001859566
167,0.0001605783
168,0.0001534007
169,0.0001576817
170,0.0001558488
171,0.0001687786
172,0.0001545676
173,0.0001708652
174,0.0001442
175,0.0001451453
176,0.0001627029
177,0.0001521245
178,0.0001273964
179,0.000155117
180,0.0001726531
181,0.0001171634
182,0.0001355088
183,0.0001556322
184,0.000142126
185,0.0001487846
186,0.0001334705
187,0.0001439757
188,0.0001393774
189,0.0001419554
190,0.0001431457
191,0.000144699
192,0.0001392121
193,0.0001429322
194,0.0001388701
195,0.0001390927
196,0.0001379584
197,0.0001398058
198,0.0001353841
199,0.0001371772
200,0.0001429761
201,0.0001356704
202,0.000142049
203,0.0001320587
204,0.0001319266
205,0.0001402537
206,0.0001323984
207,0.0001352919
208,0.0001359033
209,0.0001331969
210,0.0001426926
211,0.0001336872
212,0.0001328774
213,0.0001352552
214,0.0001314985
215,0.0001393995
216,0.000136712
217,0.0001325082
218,0.0001368345
219,0.0001374816
220,0.0001332866
221,0.0001309153
222,0.000136098
223,0.0001346421
224,0.0001352284
225,0.0001337696
226,0.0001335222
227,0.0001306595
228,0.0001275354
229,0.0001326675
230,0.0001318967
231,0.0001299192
232,0.0001353118
233,0.0001322627
234,0.0001328505
235,0.0001348284
236,0.0001340564
237,0.0001322072
238,0.0001333606
239,0.00013648
240,0.0001342926
241,0.0001333405
242,0.0001352089
243,0.0001310741
244,0.0001293254
245,0.0001322767
246,0.0001336538
247,0.0001320784
248,0.000132075
249,0.0001267145
250,0.0001351155
251,0.0001290159
252,0.0001310508
253,0.0001281997
254,0.0001279037
255,0
0,0.00537871
1,0.007293251
2,0.02588267
3,0.03316659
4,0.01821629
5,0.04582483
6,0.02011444
7,0.05607098
8,0.04431406
9,0.01244138
10,0.06735706
11,0.005691298
12,0.03257461
13,0.02693894
14,0.01394765
15,0.02333103
16,0.008333333
17,0.008070641
18,0.004456245
19,0.004628612
20,0.004178476
21,0.004266151
22,0.004011079
23,0.003135852
24,0.002702813
25,0.003408221
26,0.002511431
27,0.001613674
28,0.00366561
29,0.003488948
30,0.0003776046
31,0.003122827
32,0.006236257
33,0.0009249563
34,0.002915652
35,0.005730046
36,0.001555911
37,0.002258699
38,0.0009637192
39,0.001155075
40,0.0009492919
41,0.001014674
42,0.0011224
43,0.0008394974
44,0.0008512269
45,0.0007537819
46,0.0005233512
47,0.002510621
48,0.00235974
49,0.002495919
50,0.001220662
51,0.00112532
52,0.0009882001
53,0.001392257
54,0.001243007
55,0.0004714419
56,0.001078305
57,0.001442377
58,0.001033821
59,0.0008673716
60,0.001318366
61,0.001183705
62,0.0009315553
63,0.00138535
64,0.001076575
65,0.0006438253
66,0.001039671
67,0.0007530033
68,0.001192832
69,0.001179854
70,0.000376122
71,0.0008169577
72,0.001017409
73,0.0007511205
74,0.0005138681
75,0.001030629
76,0.0006207607
77,0.0003817241
78,0.0008149619
79,0.0008484195
80,0.0004780721
81,0.0006172946
82,0.0006310086
83,0.0006329289
84,0.0006297298
85,0.0006253017
86,0.0006262396
87,0.0006165156
88,0.0006117403
89,0.0006082235
90,0.0006022064
91,0.0005957617
92,0.0005956402
93,0.0005847573
94,0.0005794307
95,0.0005782458
96,0.0005734249
97,0.0005576289
98,0.0005575671
99,0.0005516971
100,0.0005488329
101,0.0005454063
102,0.0005392195
103,0.0005358366
104,0.0005298688
105,0.000524169
106,0.0005213799
107,0.000517119
108,0.0005132963
109,0.0005118473
110,0.0005029838
111,0.0004999817
112,0.0004988044
113,0.0004904273
114,0.0004854575
115,0.0004858396
116,0.0004813304
117,0.0004828313
118,0.0004722036
119,0.0004745533
120,0.0004698155
121,0.0004695992
122,0.0004623889
123,0.0004618386
124,0.0004595028
125,0.0004552884
126,0.0004492227
127,0.0004502348
128,0.0004508824
129,0.0004487064
130,0.0004430738
131,0.0004389459
132,0.0004273815
133,0.0004328986
134,0.0004309456
135,0.0004279652
136,0.0004263467
137,0.0004216457
138,0.0004186689
139,0.0004174455
140,0.0004157541
141,0.0004122207
142,0.0004088879
143,0.0004068359
144,0.000408541
145,0.0004035908
146,0.0004023641
147,0.000401842
148,0.0003973893
149,0.0003953376
150,0.0003939965
151,0.0003959224
152,0.0003944145
153,0.0003885378
154,0.0003886411
155,0.0003826784
156,0.0003903141
157,0.0003849463
158,0.000378788
159,0.0003771859
160,0.0003737136
161,0.000387395
162,0.0003815003
163,0.000391833
164,0.0003624544
165,0.0003610271
166,0.0003920774
167,0.0003644113
168,0.0003623782
169,0.0003647779
170,0.0003445249
171,0.0004134234
172,0.0003735729
173,0.0003867423
174,0.0003615725
175,0.0003632687
176,0.0003636801
177,0.0003631156
178,0.0003727176
179,0.0003626812
180,0.0003762918
181,0.0003168798
182,0.0003445742
183,0.0003576581
184,0.0003391502
185,0.0003373439
186,0.0003493666
187,0.0003439981
188,0.0003402827
189,0.0003454401
190,0.0003435764
191,0.0003380271
192,0.0003415758
193,0.0003379525
194,0.0003369317
195,0.0003386004
196,0.0003376283
197,0.0003385371
198,0.0003401994
199,0.0003386567
200,0.0003334198
201,0.0003342989
202,0.0003318099
203,0.0003348186
204,0.0003305323
205,0.0003359768
206,0.0003319305
207,0.0003311934
208,0.0003335887
209,0.0003255424
210,0.0003264705
211,0.0003336076
212,0.000327806
213,0.0003266346
214,0.0003242977
215,0.0003224952
216,0.0003206335
217,0.0003263679
218,0.000324826
219,0.0003257711
220,0.0003204302
221,0.0003240641
222,0.0003198097
223,0.0003192725
224,0.0003230566
225,0.000316309
226,0.0003189048
227,0.0003238166
228,0.0003158164
229,0.0003169032
230,0.0003250459
231,0.0003165196
232,0.0003170265
233,0.0003173386
234,0.0003149685
235,0.0003157431
236,0.0003156109
237,0.0003129789
238,0.000314213
239,0.000312647
240,0.000316284
241,0.0003131665
242,0.0003087906
243,0.0003189266
244,0.0003187038
245,0.0003153646
246,0.0003110896
247,0.0003164376
248,0.000311708
249,0.0003123003
250,0.0003169456
251,0.000313129
252,0.0003135491
253,0.0003178892
254,0.0003123371
255,0
0,0.01479598
1,0.01753152
2,0.03824964
3,0.02074398
4,0.001916781
5,0.06252256
6,0.01754456
7,0.0561171
8,0.03095681
9,0.007633022
10,0.07864887
11,0.02651192
12,0.05585335
13,0.006773702
14,0.005431385
15,0.02269945
16,0.004277531
17,0.004847289
18,0.0004288304
19,0.0004339166
20,0.001832195
21,0.0007878901
22,0.0009422001
23,0.000155147
24,0.0001208396
25,0.0009913639
26,0.0008832722
27,0.002384338
28,0.0003574021
29,0.001447778
30,0.002321578
31,0.001315651
32,0.005774231
33,0.003269358
34,0.006203798
35,0.003234449
36,0.0004245472
37,0.002912834
38,0.0005106588
39,0.0006665508
40,0.0002514081
41,3.201811E-05
42,0.0002045334
43,2.049422E-05
44,0.0001043538
45,0.0003540939
46,0.001067819
47,0.002091295
48,0.00157736
49,0.002912569
50,0.0004751774
51,0.0006697891
52,0.0009222875
53,0.0003549502
54,0.0008528826
55,0.0002270115
56,0.0002404154
57,0.0004425596
58,0.0001123983
59,0.0002267962
60,0.00029065
61,0.0002687428
62,0.0004310233
63,0.0002680616
64,0.0006845809
65,0.0006200365
66,0.0008737561
67,0.0002565722
68,8.411098E-05
69,0.0007945389
70,0.0004201396
71,0.0004758992
72,0.0001418143
73,0.0004017616
74,0.0001720905
75,0.0001976964
76,0.0005681347
77,0.0001867082
78,0.0001712437
79,0.0001648952
80,9.145441E-05
81,9.365036E-05
82,0.0001057314
83,0.0001095001
84,0.000110429
85,0.0001104497
86,0.0001145849
87,0.0001156641
88,0.0001104148
89,0.0001110082
90,0.0001176837
91,0.000117
92,0.0001137753
93,0.0001085113
94,0.000117533
95,0.0001135094
96,0.0001138353
97,0.0001137885
98,0.0001099129
99,0.0001097902
100,0.0001092235
101,0.0001060107
102,0.0001095645
103,0.0001035993
104,0.0001059426
105,0.0001080559
106,0.0001059593
107,0.0001060561
108,9.890807E-05
109,0.0001046626
110,0.0001029019
111,0.0001024082
112,0.0001015165
113,0.0001016491
114,0.0001033839
115,9.966847E-05
116,0.0001019406
117,9.434076E-05
118,9.744115E-05
119,9.133982E-05
120,9.700068E-05
121,9.198527E-05
122,9.274973E-05
123,9.762407E-05
124,9.580065E-05
125,9.722495E-05
126,9.862057E-05
127,9.464773E-05
128,9.465145E-05
129,9.418421E-05
130,8.985143E-05
131,8.533252E-05
132,8.904209E-05
133,9.79157E-05
134,7.987443E-05
135,8.824676E-05
136,8.619852E-05
137,9.035877E-05
138,9.072185E-05
139,9.323818E-05
140,8.767438E-05
141,8.246576E-05
142,8.894182E-05
143,8.986949E-05
144,8.800239E-05
145,8.893581E-05
146,8.46256E-05
147,8.784133E-05
148,8.602376E-05
149,8.87678E-05
150,8.43819E-05
151,8.497205E-05
152,7.95866E-05
153,8.826543E-05
154,8.278427E-05
155,8.291137E-05
156,9.210894E-05
157,9.445928E-05
158,0.0001059999
159,6.949621E-05
160,7.613686E-05
161,7.229624E-05
162,8.308842E-05
163,0.0001044296
164,6.711895E-05
165,7.69562E-05
166,0.0001015791
167,8.644327E-05
168,9.078471E-05
169,8.279009E-05
170,9.94626E-05
171,4.673249E-05
172,6.701482E-05
173,9.163209E-05
174,7.225932E-05
175,8.082613E-05
176,6.357938E-05
177,7.107653E-05
178,7.810578E-05
179,7.301004E-05
180,8.714697E-05
181,6.594139E-05
182,6.751936E-05
183,7.077801E-05
184,7.033625E-05
185,7.139042E-05
186,7.050083E-05
187,6.858385E-05
188,7.141637E-05
189,6.604329E-05
190,6.969168E-05
191,6.750887E-05
192,6.908709E-05
193,6.962971E-05
194,6.688466E-05
195,6.798909E-05
196,6.546135E-05
197,6.461993E-05
198,7.136237E-05
199,7.225428E-05
200,7.028924E-05
201,6.764145E-05
202,7.524733E-05
203,6.373845E-05
204,6.593451E-05
205,6.94364E-05
206,6.899636E-05
207,6.767378E-05
208,6.740832E-05
209,7.002573E-05
210,6.760527E-05
211,6.728653E-05
212,6.892913E-05
213,6.957035E-05
214,6.95809E-05
215,6.589856E-05
216,6.526384E-05
217,7.02375E-05
218,7.032356E-05
219,6.813497E-05
220,6.343717E-05
221,6.927914E-05
222,6.576414E-05
223,6.659149E-05
224,6.812315E-05
225,6.676585E-05
226,7.00302E-05
227,6.14923E-05
228,6.629597E-05
229,6.862717E-05
230,6.616816E-05
231,6.895109E-05
232,6.587802E-05
233,6.316576E-05
234,6.94819E-05
235,7.019896E-05
236,6.766784E-05
237,6.917396E-05
238,6.330832E-05
239,6.989522E-05
240,6.480322E-05
241,6.7664E-05
242,6.055495E-05
243,6.42198E-05
244,6.344686E-05
245,6.903828E-05
246,6.73028E-05
247,6.301059E-05
248,7.061876E-05
249,6.571933E-05
250,6.473034E-05
251,6.618031E-05
252,6.980947E-05
253,6.7393E-05
254,6.569969E-05
255,0
0,0.01319619
1,0.01574554
2,0.03395137
3,0.02300023
4,0.006236065
5,0.06271143
6,0.01421041
7,0.04621263
8,0.0465425
9,0.01907182
10,0.08065306
11,0.0174505
12,0.03482885
13,0.02179914
14,0.006690878
15,0.01720489
16,0.003411489
17,0.003335241
18,0.001515733
19,0.0003558855
20,0.001102511
21,0.0003687622
22,0.0002000168
23,0.001040487
24,0.0003858812
25,0.001684218
26,0.0006484636
27,0.001445678
28,0.001561233
29,0.0004770044
30,0.003589413
31,0.001243719
32,0.003049264
33,0.0037528
34,0.001928604
35,0.003793725
36,0.001845643
37,0.002525081
38,0.0006101022
39,0.0002619502
40,0.0005886001
41,0.000546978
42,0.0005342125
43,0.0005883492
44,0.0005042751
45,0.0008595648
46,0.001312378
47,0.001805501
48,0.001114564
49,0.001403826
50,0.001341799
51,0.0009360833
52,0.001141204
53,0.0007836079
54,0.0003317028
55,0.0007913716
56,0.000288976
57,0.0001165422
58,0.000258135
59,0.000191977
60,0.0005913151
61,0.0003217922
62,0.0005911687
63,0.0002383705
64,0.0003019896
65,0.0007785393
66,0.000484592
67,0.0008875791
68,0.0004965932
69,0.0002251321
70,0.0006457391
71,0.0007089471
72,0.0003694302
73,0.0001153721
74,0.0003478926
75,0.0002925784
76,0.0002918516
77,0.000507963
78,0.0001162241
79,0.0001323218
80,1.862476E-05
81,0.0001820503
82,0.0001689967
83,0.0001835248
84,0.0001869885
85,0.0001799375
86,0.000174294
87,0.0001763833
88,0.0001828237
89,0.0001772288
90,0.000174322
91,0.0001775156
92,0.0001738804
93,0.0001656726
94,0.0001689871
95,0.000172888
96,0.0001669622
97,0.0001676414
98,0.0001695553
99,0.0001646785
100,0.0001652089
101,0.0001651164
102,0.0001636263
103,0.0001600042
104,0.0001613097
105,0.0001580142
106,0.0001591593
107,0.0001557477
108,0.0001519706
109,0.0001515169
110,0.0001510384
111,0.0001538141
112,0.0001512631
113,0.0001497592
114,0.0001465113
115,0.0001479989
116,0.00014888
117,0.0001444485
118,0.0001432069
119,0.0001459217
120,0.0001449456
121,0.0001427955
122,0.0001403327
123,0.0001416617
124,0.0001419408
125,0.0001384795
126,0.0001376425
127,0.0001372387
128,0.0001352928
129,0.0001324438
130,0.0001327919
131,0.0001347211
132,0.0001381918
133,0.0001303925
134,0.0001301851
135,0.0001284945
136,0.0001299072
137,0.0001283593
138,0.0001309086
139,0.0001295613
140,0.0001302765
141,0.000127807
142,0.0001289876
143,0.0001293346
144,0.0001293705
145,0.0001246683
146,0.0001290888
147,0.0001245546
148,0.0001256871
149,0.0001258326
150,0.0001208914
151,0.0001229284
152,0.0001196142
153,0.0001230568
154,0.0001184278
155,0.0001212465
156,0.0001274364
157,0.0001262682
158,0.0001462683
159,0.0001195447
160,0.0001236672
161,0.0001099824
162,0.0001209376
163,0.0001456072
164,0.0001100559
165,0.0001057173
166,0.0001276892
167,0.0001163185
168,0.0001293191
169,0.0001185535
170,0.0001349608
171,7.046739E-05
172,0.0001006131
173,0.0001251302
174,0.0001028738
175,0.0001090454
176,9.568612E-05
177,0.0001046075
178,0.0001015515
179,0.0001073601
180,0.0001076818
181,0.000104813
182,0.0001044095
183,0.0001103596
184,0.0001030196
185,9.857733E-05
186,0.0001079898
187,0.0001064547
188,0.0001029791
189,0.0001056635
190,0.0001034227
191,0.0001034083
192,9.967144E-05
193,0.0001016427
194,0.0001021823
195,0.0001061015
196,9.664356E-05
197,0.0001010032
198,9.845853E-05
199,9.822813E-05
200,9.992137E-05
201,0.0001071677
202,0.0001032228
203,9.850424E-05
204,0.0001036513
205,0.0001027462
206,0.0001022303
207,0.0001009883
208,9.973899E-05
209,0.0001000902
210,9.405914E-05
211,9.72085E-05
212,9.815302E-05
213,0.0001022392
214,0.000100849
215,9.938132E-05
216,0.0001004611
217,0.0001016006
218,9.696498E-05
219,9.737894E-05
220,9.920749E-05
221,9.751792E-05
222,9.682489E-05
223,9.284912E-05
224,9.874745E-05
225,9.685411E-05
226,0.0001011341
227,9.859637E-05
228,9.671239E-05
229,9.680304E-05
230,9.639745E-05
231,9.611991E-05
232,9.508751E-05
233,9.946182E-05
234,0.0001000738
235,9.215773E-05
236,9.760349E-05
237,9.803456E-05
238,9.774834E-05
239,9.716568E-05
240,0.0001010203
241,9.669361E-05
242,9.286164E-05
243,9.435255E-05
244,9.774353E-05
245,0.0001012896
246,9.531141E-05
247,9.497408E-05
248,9.744522E-05
249,9.704125E-05
250,9.83247E-05
251,9.498087E-05
252,9.587337E-05
253,9.363204E-05
254,9.560853E-05
255,0
0,0.01160894
1,0.01386299
2,0.03179431
3,0.02043683
4,0.004885695
5,0.05902999
6,0.01421119
7,0.04850008
8,0.03983915
9,0.01395871
10,0.07714272
11,0.02275347
12,0.04520655
13,0.02108334
14,0.003799036
15,0.02392355
16,0.003315661
17,0.002986828
18,0.002167682
19,0.001360124
20,0.002591806
21,0.0007485567
22,0.001718321
23,0.001168178
24,0.0006282079
25,0.001573419
26,0.001734811
27,0.002309366
28,0.0006807072
29,0.0008539944
30,0.001440723
31,0.001655518
32,0.004061801
33,0.0003766439
34,0.002012144
35,0.007423207
36,0.002183988
37,0.003017275
38,0.0004451021
39,0.0006371707
40,0.001393448
41,0.0009123302
42,0.0007824239
43,0.0007728742
44,0.0002720445
45,0.0008823966
46,0.001050742
47,0.00329959
48,0.0008092987
49,0.0009857384
50,0.000730111
51,0.0007230601
52,0.002771949
53,0.0009747911
54,0.001112493
55,0.0004137027
56,0.0001936726
57,0.0003564407
58,0.0005584157
59,0.0008214155
60,0.0007051131
61,0.000487708
62,0.001157412
63,0.000392073
64,0.0006662845
65,0.0007294136
66,0.0009153794
67,0.001043248
68,0.0003204275
69,0.001174811
70,0.0001006841
71,0.0002659354
72,0.0005536696
73,0.0003597962
74,0.0005317274
75,0.0003138231
76,0.0004421344
77,0.0001219241
78,0.0002203651
79,0.0001948494
80,0.0003679512
81,0.000279199
82,0.000273544
83,0.0002713015
84,0.0002726985
85,0.0002635505
86,0.0002533607
87,0.0002659634
88,0.0002583684
89,0.0002639453
90,0.0002566973
91,0.000258247
92,0.0002528792
93,0.0002495087
94,0.0002456518
95,0.0002480523
96,0.0002440603
97,0.0002364913
98,0.0002364048
99,0.0002363578
100,0.0002295812
101,0.0002312062
102,0.0002315827
103,0.0002309033
104,0.0002253866
105,0.00022803
106,0.0002252315
107,0.0002196794
108,0.0002217989
109,0.0002167824
110,0.0002171551
111,0.0002121882
112,0.0002124796
113,0.0002141907
114,0.0002100633
115,0.0002091082
116,0.000206819
117,0.0002049774
118,0.0002084329
119,0.0002062853
120,0.0002019371
121,0.0002001077
122,0.0001982295
123,0.0001997102
124,0.000195727
125,0.000196898
126,0.0001967434
127,0.000191611
128,0.0001922739
129,0.0001905735
130,0.0001852133
131,0.0001904926
132,0.0001880645
133,0.0001885437
134,0.0001885566
135,0.0001857007
136,0.0001836414
137,0.0001828105
138,0.00018451
139,0.0001829847
140,0.0001801102
141,0.0001830038
142,0.0001788042
143,0.0001780305
144,0.0001771385
145,0.000174315
146,0.0001728838
147,0.0001722032
148,0.0001729315
149,0.0001684657
150,0.0001713217
151,0.0001680256
152,0.0001722448
153,0.0001713928
154,0.000169664
155,0.0001660906
156,0.0001657676
157,0.0001650782
158,0.0001765217
159,0.0001642603
160,0.0001629075
161,0.0001601711
162,0.0001682098
163,0.0001865966
164,0.0001512336
165,0.0001522952
166,0.0001838229
167,0.0001703406
168,0.0001750611
169,0.0001709703
170,0.0001798539
171,0.0001176965
172,0.000148149
173,0.0001639487
174,0.0001505093
175,0.000151738
176,0.0001412384
177,0.0001521568
178,0.000166186
179,0.0001545647
180,0.0001671401
181,0.0001229624
182,0.0001412132
183,0.0001286438
184,0.0001466462
185,0.0001536664
186,0.0001405105
187,0.0001450988
188,0.0001448769
189,0.0001420489
190,0.0001409869
191,0.0001430999
192,0.0001452047
193,0.0001464014
194,0.0001418156
195,0.0001405564
196,0.0001464119
197,0.0001425031
198,0.0001393839
199,0.0001406946
200,0.0001408708
201,0.0001399336
202,0.0001409957
203,0.0001459747
204,0.0001374302
205,0.0001355383
206,0.0001416492
207,0.0001387898
208,0.0001345532
209,0.0001464581
210,0.0001409426
211,0.0001427879
212,0.0001418907
213,0.0001359874
214,0.0001390186
215,0.0001412246
216,0.0001375419
217,0.0001399689
218,0.0001394816
219,0.0001377817
220,0.0001370857
221,0.0001382068
222,0.0001351134
223,0.0001362013
224,0.0001395125
225,0.0001365611
226,0.000134585
227,0.0001338307
228,0.0001351387
229,0.0001322878
230,0.000132499
231,0.0001345211
232,0.0001377086
233,0.0001355495
234,0.0001325923
235,0.0001341507
236,0.0001335262
237,0.000133795
238,0.0001421967
239,0.0001397166
240,0.0001356419
241,0.0001355225
242,0.0001389949
243,0.0001341168
244,0.0001363645
245,0.0001344297
246,0.0001360573
247,0.0001360383
248,0.0001349002
249,0.0001309962
250,0.0001387783
251,0.0001329037
252,0.0001349014
253,0.0001369476
254,0.0001336088
255,0
0,0.003153444
1,0.005762431
2,0.02399801
3,0.02963727
4,0.01342406
5,0.06719441
6,0.01998263
7,0.04925248
8,0.03039232
9,0.008676087
10,0.06559043
11,0.01227177
12,0.02813417
13,0.01964278
14,0.009768795
15,0.01722202
16,0.004653135
17,0.005424219
18,0.001421192
19,0.001500766
20,0.000780369
21,0.001128884
22,0.001117561
23,0.001376934
24,0.001093052
25,0.001728888
26,0.00103007
27,0.001649507
28,0.0006967682
29,0.00062846
30,0.00218627
31,0.0005395727
32,0.0028422
33,0.001947126
34,0.002644586
35,0.004943629
36,0.001102645
37,0.001625605
38,0.0008073585
39,0.0007584639
40,0.0008246163
41,0.0006870687
42,0.0006841019
43,0.0007252857
44,0.001036342
45,0.0003422834
46,0.0006688053
47,0.002354936
48,0.0006240475
49,0.001425705
50,0.0009482737
51,0.0001988622
52,0.001533272
53,7.283076E-05
54,0.0005274588
55,0.0009606505
56,0.0005759875
57,0.0006939856
58,0.0003280769
59,0.0006229866
60,0.0002336089
61,0.0003820984
62,0.00055737
63,0.0004149662
64,0.0001674577
65,0.0008459611
66,0.0006038205
67,0.000712458
68,0.0002980581
69,0.0004502438
70,0.0004310279
71,0.000253728
72,0.0004424644
73,0.0002555578
74,0.0003631284
75,0.0004120603
76,0.000294883
77,0.0004792164
78,0.0002367776
79,0.0002559118
80,0.0003228826
81,0.0002483973
82,0.000239764
83,0.0002307554
84,0.0002259218
85,0.000229201
86,0.0002190368
87,0.0002189678
88,0.0002175865
89,0.0002182433
90,0.0002189048
91,0.0002101404
92,0.0002058856
93,0.0002100796
94,0.0002053227
95,0.0002045179
96,0.0002036163
97,0.0001957522
98,0.0001954504
99,0.0001881829
100,0.0001894888
101,0.0001878513
102,0.0001853919
103,0.0001815238
104,0.0001812821
105,0.000184478
106,0.0001823495
107,0.0001788125
108,0.0001724345
109,0.0001746496
110,0.0001772597
111,0.0001680532
112,0.0001694492
113,0.0001699845
114,0.0001664244
115,0.0001678895
116,0.0001649116
117,0.0001624751
118,0.0001578107
119,0.000164557
120,0.0001632826
121,0.0001614881
122,0.0001574971
123,0.0001617256
124,0.000156905
125,0.0001567455
126,0.0001524743
127,0.000152683
128,0.0001507836
129,0.0001521939
130,0.0001500341
131,0.0001451448
132,0.0001453207
133,0.0001477102
134,0.0001470942
135,0.0001515009
136,0.0001383737
137,0.0001420027
138,0.0001419813
139,0.0001412172
140,0.0001394731
141,0.0001401738
142,0.0001439589
143,0.0001402647
144,0.000135541
145,0.0001348724
146,0.0001388704
147,0.0001311797
148,0.0001350146
149,0.0001305347
150,0.000130316
151,0.0001372916
152,0.0001349079
153,0.0001333035
154,0.0001302537
155,0.0001294868
156,0.0001329302
157,0.0001270882
158,0.0001308519
159,0.0001236811
160,0.000124921
161,0.0001330901
162,0.0001240801
163,0.0001073998
164,0.000129243
165,0.0001166907
166,0.0001541005
167,0.0001368981
168,0.0001340623
169,0.0001246077
170,0.0001271754
171,0.0001367485
172,0.0001240482
173,0.000102821
174,0.000119834
175,0.0001186174
176,0.0001255663
177,0.0001223114
178,9.691672E-05
179,0.0001229158
180,0.0001152637
181,0.000140215
182,0.0001294166
183,0.0001275256
184,0.0001224107
185,0.0001281013
186,0.000115069
187,0.0001176456
188,0.0001176238
189,0.0001214235
190,0.0001167312
191,0.0001194618
192,0.0001156035
193,0.0001176701
194,0.0001198766
195,0.000118932
196,0.0001144851
197,0.0001153765
198,0.000112941
199,0.0001150501
200,0.0001161933
201,0.0001154881
202,0.0001144163
203,0.0001174523
204,0.0001142345
205,0.0001158155
206,0.0001119487
207,0.0001170232
208,0.0001124055
209,0.0001138248
210,0.0001134305
211,0.0001123004
212,0.0001059989
213,0.0001096205
214,0.0001111525
215,0.0001108257
216,0.000111817
217,0.0001107719
218,0.0001113458
219,0.0001070055
220,0.0001103803
221,0.000113108
222,0.0001130608
223,0.0001063657
224,0.0001096276
225,0.0001083133
226,0.0001101966
227,0.0001038863
228,0.0001095762
229,0.0001076637
230,0.0001084217
231,0.0001039561
232,0.0001073638
233,0.0001112303
234,0.000110391
235,0.0001040439
236,0.0001111158
237,0.0001042094
238,0.0001059427
239,0.0001065582
240,0.0001091855
241,0.0001059216
242,0.0001062183
243,0.0001050056
244,0.0001046851
245,0.0001065913
246,0.0001063894
247,0.0001088242
248,0.0001061178
249,0.000107768
250,0.0001082853
251,0.0001105626
252,0.0001052501
253,0.0001063083
254,0.0001076698
255,0
0,0.002011583
1,0.004606932
2,0.02242235
3,0.03407289
4,0.01695398
5,0.06614435
6,0.01853303
7,0.04464913
8,0.04332183
9,0.01334917
10,0.06536277
11,0.005965226
12,0.02032418
13,0.02624929
14,0.01441447
15,0.0167695
16,0.003255378
17,0.004036973
18,0.001674078
19,0.001630971
20,0.00166763
21,0.001775526
22,0.001248399
23,0.001816939
24,0.00142293
25,0.00254134
26,0.0009281209
27,0.0014675
28,0.0009832786
29,0.0002252138
30,0.002567667
31,0.0001068875
32,0.0009357187
33,0.003140803
34,0.002886546
35,0.004138479
36,0.0007406221
37,0.0008915275
38,0.001824284
39,0.0009793972
40,0.0007449015
41,0.0006678043
42,0.0006373143
43,0.0005554368
44,0.0005038283
45,0.001263114
46,0.001192889
47,0.001201536
48,0.001386641
49,0.0006657386
50,0.0005336528
51,0.0006714021
52,0.0005036839
53,0.001077217
54,0.0003714827
55,0.001110165
56,0.0005648311
57,0.0005929997
58,0.0004356394
59,0.0004036574
60,0.0001918837
61,0.0002886516
62,0.0001261645
63,0.0008379614
64,0.0006113192
65,0.001173505
66,0.0003305127
67,0.0004442233
68,0.0004339425
69,0.0005151802
70,0.0005630605
71,0.0002789139
72,0.0003405202
73,0.000617422
74,0.0003679701
75,0.0006977935
76,0.0003553595
77,0.0001645677
78,0.0001921103
79,0.0002956855
80,0.0002314914
81,0.0002294725
82,0.0002204386
83,0.0002210694
84,0.0002238395
85,0.0002177186
86,0.0002165405
87,0.0002103066
88,0.0001974216
89,0.0002034055
90,0.0002041809
91,0.0001923231
92,0.0001995309
93,0.000191536
94,0.0001945451
95,0.000195603
96,0.0001905724
97,0.0001835771
98,0.0001811141
99,0.0001796259
100,0.0001808914
101,0.0001808779
102,0.0001833357
103,0.0001821057
104,0.0001783632
105,0.000178468
106,0.0001738782
107,0.0001700243
108,0.0001689441
109,0.0001698468
110,0.0001622233
111,0.0001625455
112,0.0001622405
113,0.000160853
114,0.0001568987
115,0.0001564472
116,0.0001631871
117,0.000158151
118,0.0001543881
119,0.0001577315
120,0.0001575725
121,0.0001513607
122,0.0001523486
123,0.0001498709
124,0.0001521725
125,0.0001513288
126,0.0001451754
127,0.0001472106
128,0.0001471177
129,0.0001497039
130,0.0001451869
131,0.0001426498
132,0.0001409447
133,0.0001399397
134,0.0001400563
135,0.0001326581
136,0.000142987
137,0.0001353911
138,0.0001382857
139,0.0001375736
140,0.0001345305
141,0.0001361918
142,0.0001336374
143,0.0001317263
144,0.0001323317
145,0.0001334158
146,0.0001309299
147,0.0001324026
148,0.0001333309
149,0.0001300056
150,0.0001293173
151,0.0001229907
152,0.0001283683
153,0.0001231663
154,0.0001294625
155,0.0001281158
156,0.0001235883
157,0.0001279238
158,0.0001531052
159,0.0001209703
160,0.0001251108
161,0.0001099086
162,0.0001209043
163,0.0001168187
164,0.0001274427
165,0.0001266522
166,0.0001202868
167,0.0001152782
168,0.0001265508
169,0.0001243861
170,0.0001422395
171,7.394059E-05
172,0.0001114014
173,0.0001281849
174,0.0001052165
175,0.0001132619
176,0.0001043814
177,0.0001131037
178,0.0001341847
179,0.000100329
180,9.852966E-05
181,0.0001236959
182,0.0001144917
183,0.0001178735
184,0.0001064345
185,0.0001056853
186,0.0001146667
187,0.0001069306
188,0.0001110654
189,0.0001107976
190,0.0001057249
191,0.00010697
192,0.0001076062
193,0.0001109953
194,0.0001032271
195,0.0001056472
196,0.0001077445
197,0.0001099075
198,0.0001079272
199,0.0001075854
200,0.0001041781
201,0.0001132569
202,0.0001071814
203,0.0001038051
204,0.0001073855
205,0.0001059756
206,0.0001018092
207,0.0001008035
208,0.0001084675
209,0.0001037403
210,0.0001047047
211,0.0001029128
212,0.0001054702
213,0.0001025392
214,9.873007E-05
215,0.0001000733
216,0.0001028349
217,0.00010253
218,0.0001041451
219,0.0001021271
220,0.0001021278
221,0.0001009312
222,0.000102093
223,0.0001051763
224,9.865753E-05
225,0.0001025631
226,0.0001042184
227,0.000100105
228,9.985171E-05
229,9.997556E-05
230,9.592043E-05
231,9.703597E-05
232,0.0001010248
233,9.631061E-05
234,0.0001021178
235,0.0001024284
236,0.0001015452
237,0.000103857
238,0.0001019776
239,0.0001003774
240,9.641705E-05
241,0.0001008981
242,9.818726E-05
243,9.841446E-05
244,0.0001008621
245,0.0001013328
246,0.000101775
247,0.0001014106
248,0.0001008513
249,0.0001001345
250,0.0001012057
251,9.666248E-05
252,9.923598E-05
253,9.690259E-05
254,0.0001002248
255,0
0,0.007344319
1,0.0102531
2,0.0304927
3,0.02836238
4,0.005605291
5,0.05631715
6,0.007129137
7,0.03457836
8,0.04948126
9,0.01662252
10,0.0458646
11,0.01173455
12,0.01805968
13,0.02964541
14,0.01131333
15,0.0061301
16,0.007243329
17,0.005776505
18,0.005857925
19,0.005007533
20,0.002713583
21,0.004633063
22,0.003904177
23,0.004126365
24,0.003551762
25,0.002444176
26,0.002945779
27,0.001906693
28,0.004953075
29,0.003278212
30,0.004585464
31,0.002272411
32,0.001695073
33,0.005482015
34,0.002122922
35,0.002812065
36,0.003184677
37,0.002273865
38,0.00379718
39,0.002911481
40,0.002768672
41,0.002534857
42,0.002439868
43,0.002322009
44,0.002099416
45,0.0007057633
46,0.002596542
47,0.002956174
48,0.001784562
49,0.001837409
50,0.00203325
51,0.001687314
52,0.001867936
53,0.001131944
54,0.001633705
55,0.001895382
56,0.001616699
57,0.001538666
58,0.001357537
59,0.001270162
60,0.001504623
61,0.001708688
62,0.001660638
63,0.001254041
64,0.001230487
65,0.0006373813
66,0.001878273
67,0.001612057
68,0.001061715
69,0.001028152
70,0.0009121335
71,0.00123913
72,0.00126228
73,0.001222378
74,0.001129859
75,0.001313041
76,0.001012937
77,0.001185989
78,0.001415785
79,0.001142343
80,0.001090521
81,0.001108435
82,0.001104464
83,0.001091777
84,0.001076094
85,0.001071268
86,0.001065009
87,0.001050441
88,0.001030626
89,0.00102448
90,0.001010107
91,0.0009988563
92,0.0009887917
93,0.0009841024
94,0.0009771823
95,0.0009693644
96,0.0009569624
97,0.0009484217
98,0.0009397705
99,0.0009301071
100,0.0009185527
101,0.0009149991
102,0.0009039061
103,0.0009013104
104,0.0008904935
105,0.0008774742
106,0.0008781604
107,0.0008670535
108,0.0008622251
109,0.0008533211
110,0.0008502969
111,0.0008424477
112,0.0008291646
113,0.00082837
114,0.0008227823
115,0.0008117495
116,0.0008189343
117,0.0008050808
118,0.0007988336
119,0.0007942576
120,0.0007835857
121,0.0007869952
122,0.0007809293
123,0.0007699796
124,0.0007692143
125,0.0007666493
126,0.000753516
127,0.0007501341
128,0.0007520836
129,0.000741249
130,0.0007329075
131,0.0007405738
132,0.0007354852
133,0.0007296774
134,0.000724361
135,0.0007216862
136,0.0007132007
137,0.0007155343
138,0.0007118159
139,0.0007050163
140,0.0006938673
141,0.0006994883
142,0.0006949202
143,0.0006887338
144,0.0006873207
145,0.0006831065
146,0.0006791641
147,0.0006733253
148,0.0006697293
149,0.0006680303
150,0.0006707533
151,0.0006618974
152,0.0006579411
153,0.0006510864
154,0.00065687
155,0.0006538267
156,0.0006432126
157,0.0006484862
158,0.0006575518
159,0.0006389469
160,0.0006339626
161,0.0006485542
162,0.0006391709
163,0.0006523644
164,0.0006331494
165,0.0006414689
166,0.0005974906
167,0.000618269
168,0.0006183379
169,0.0006173875
170,0.0006267509
171,0.0005669968
172,0.00059234
173,0.0005797124
174,0.0006035065
175,0.0005956359
176,0.0005990863
177,0.0005992406
178,0.0006054599
179,0.0005891155
180,0.0005913527
181,0.0005895733
182,0.0005900872
183,0.000588891
184,0.0005765145
185,0.0005821363
186,0.0005748944
187,0.0005753336
188,0.0005789547
189,0.0005767621
190,0.0005764078
191,0.0005714613
192,0.0005687884
193,0.0005676694
194,0.0005679369
195,0.0005664891
196,0.0005618158
197,0.0005620895
198,0.0005608667
199,0.0005617501
200,0.0005596891
201,0.0005532747
202,0.000556456
203,0.0005587623
204,0.0005540554
205,0.0005546681
206,0.0005522636
207,0.0005508683
208,0.0005504268
209,0.0005525859
210,0.0005497301
211,0.0005471043
212,0.0005457376
213,0.0005523508
214,0.0005426744
215,0.0005453535
216,0.0005391524
217,0.0005445171
218,0.0005417587
219,0.0005414979
220,0.0005395768
221,0.0005431592
222,0.0005350705
223,0.0005392605
224,0.0005370694
225,0.0005385886
226,0.0005370241
227,0.0005352092
228,0.0005325555
229,0.0005344206
230,0.0005309932
231,0.0005355828
232,0.0005323827
233,0.0005332684
234,0.0005346245
235,0.0005347945
236,0.0005296959
237,0.0005314442
238,0.0005318736
239,0.0005347824
240,0.0005283912
241,0.0005336946
242,0.0005289819
243,0.0005309622
244,0.0005279407
245,0.0005269973
246,0.0005314946
247,0.0005264005
248,0.0005273501
249,0.0005283529
250,0.0005264562
251,0.0005279715
252,0.0005295887
253,0.0005240803
254,0.0005225647
255,0
0,0.005810717
1,0.009076181
2,0.02938054
3,0.0316435
4,0.007273026
5,0.05543534
6,0.006937109
7,0.03558446
8,0.06233129
9,0.01765782
10,0.0396561
11,0.01985035
12,0.02385604
13,0.03715876
14,0.0110764
15,0.003809009
16,0.009615229
17,0.009005234
18,0.006293815
19,0.004899738
20,0.003483731
21,0.005854163
22,0.005154241
23,0.005871537
24,0.004511806
25,0.004038961
26,0.004254575
27,0.003317939
28,0.007889259
29,0.004611412
30,0.005785131
31,0.003048636
32,0.002091682
33,0.009000734
34,0.003611919
35,0.003959706
36,0.004628663
37,0.003787715
38,0.003876615
39,0.002762942
40,0.00267381
41,0.002550436
42,0.002444881
43,0.002338302
44,0.002179614
45,0.001877401
46,0.002668915
47,0.00258903
48,0.000839493
49,0.002446384
50,0.001902841
51,0.002220888
52,0.002130246
53,0.001683346
54,0.002277724
55,0.002174378
56,0.001559168
57,0.001737188
58,0.00147554
59,0.001575245
60,0.0020056
61,0.001938051
62,0.001756089
63,0.0014671
64,0.001309708
65,0.002016516
66,0.002705636
67,0.001928762
68,0.002140785
69,0.001533409
70,0.001870077
71,0.001896602
72,0.001607347
73,0.001712741
74,0.001371366
75,0.001557008
76,0.001428563
77,0.001378047
78,0.001491839
79,0.001134225
80,0.001387735
81,0.001335613
82,0.001313137
83,0.001300946
84,0.001287277
85,0.001276502
86,0.001262379
87,0.001250546
88,0.001233644
89,0.001223486
90,0.001211426
91,0.001200382
92,0.001182445
93,0.001176965
94,0.001159705
95,0.001148167
96,0.001137618
97,0.001130685
98,0.001121799
99,0.001108081
100,0.001098444
101,0.001089204
102,0.001077892
103,0.001073335
104,0.001060511
105,0.001052178
106,0.001043923
107,0.001036144
108,0.001028082
109,0.001021297
110,0.001013052
111,0.001007568
112,0.0009928201
113,0.0009895593
114,0.000977817
115,0.0009715059
116,0.0009628857
117,0.0009604124
118,0.0009502994
119,0.0009385867
120,0.0009443284
121,0.0009299658
122,0.0009231148
123,0.0009209941
124,0.000915568
125,0.0009057911
126,0.0008991443
127,0.0008942174
128,0.0008891904
129,0.0008797076
130,0.0008808982
131,0.0008741778
132,0.0008737365
133,0.0008591298
134,0.0008596081
135,0.0008554214
136,0.0008504105
137,0.0008385024
138,0.0008394299
139,0.0008330758
140,0.0008307134
141,0.000825251
142,0.0008220884
143,0.0008166556
144,0.0008079057
145,0.0008069731
146,0.0008043188
147,0.0007987022
148,0.0007936289
149,0.0007926539
150,0.0007876072
151,0.0007851644
152,0.0007803819
153,0.0007761981
154,0.0007787155
155,0.0007747931
156,0.0007657418
157,0.0007675021
158,0.00078026
159,0.0007563425
160,0.0007484318
161,0.0007620464
162,0.0007559367
163,0.0007741699
164,0.0007500244
165,0.0007560852
166,0.0007158139
167,0.0007276515
168,0.0007311045
169,0.0007298372
170,0.0007428259
171,0.00067249
172,0.0007044806
173,0.0006908886
174,0.0007130122
175,0.0007098365
176,0.0007128105
177,0.0007063288
178,0.0007197729
179,0.0006965463
180,0.0006979265
181,0.0006920067
182,0.0006954941
183,0.0007012573
184,0.0006878662
185,0.0006849907
186,0.0006802903
187,0.00068547
188,0.0006820307
189,0.0006825273
190,0.0006823824
191,0.0006752196
192,0.0006785644
193,0.0006797024
194,0.0006703022
195,0.0006708101
196,0.0006702757
197,0.0006650232
198,0.0006660568
199,0.0006672699
200,0.0006620152
201,0.0006583931
202,0.0006625348
203,0.0006565615
204,0.0006601762
205,0.0006580027
206,0.0006588254
207,0.0006498135
208,0.0006546517
209,0.0006523828
210,0.0006508725
211,0.0006497244
212,0.0006454954
213,0.0006455774
214,0.0006485865
215,0.0006456294
216,0.000641595
217,0.0006432106
218,0.0006396644
219,0.0006383581
220,0.0006361362
221,0.0006390954
222,0.0006385485
223,0.0006424396
224,0.0006360712
225,0.0006383341
226,0.0006340336
227,0.000635853
228,0.0006308477
229,0.0006331041
230,0.0006321786
231,0.000630074
232,0.0006288927
233,0.0006354238
234,0.000630345
235,0.000628341
236,0.0006273236
237,0.0006263383
238,0.0006232536
239,0.0006260268
240,0.0006284696
241,0.0006273651
242,0.0006269385
243,0.0006274484
244,0.0006234162
245,0.0006286326
246,0.0006266962
247,0.0006254463
248,0.0006207549
249,0.0006293796
250,0.0006201777
251,0.0006236544
252,0.0006229844
253,0.0006240417
254,0.000619755
255,0
0,0.01182284
1,0.0142873
2,0.03183719
3,0.02782393
4,0.01002746
5,0.06207167
6,0.01228488
7,0.03767132
8,0.05118759
9,0.02200572
10,0.0675215
11,0.01269275
12,0.02147795
13,0.02217665
14,0.004575695
15,0.01191078
16,0.0001558828
17,0.001272165
18,0.001629326
19,0.00106225
20,0.003282183
21,0.0006011559
22,0.001076425
23,0.001837589
24,0.001084428
25,0.00274021
26,0.00068422
27,0.001643258
28,0.002238192
29,0.001070159
30,0.00422976
31,0.001127435
32,0.001940664
33,0.003119885
34,0.002543585
35,0.005939088
36,0.0007971894
37,0.0004924257
38,0.001553827
39,0.0006295767
40,0.0004952556
41,0.0004250821
42,0.0003859953
43,0.0003807553
44,0.0004385151
45,0.001561431
46,0.0003515178
47,0.0005365936
48,0.001760658
49,0.0005606488
50,0.0003449758
51,0.0003131318
52,0.0002670515
53,0.0005926504
54,0.000576493
55,0.0003186364
56,0.000266092
57,7.817506E-05
58,0.0001509612
59,0.000556528
60,0.0002381651
61,0.000289812
62,0.0001954232
63,0.0006584859
64,0.0003443416
65,0.0002325165
66,0.0004659581
67,0.0002215619
68,0.001168936
69,0.0005466774
70,0.0005978222
71,0.0001980228
72,0.0004530347
73,0.0007349482
74,0.0005489336
75,0.0005502315
76,0.0001799535
77,0.0003972081
78,0.0002722636
79,0.000373464
80,0.0002018859
81,0.0002207224
82,0.0002060613
83,0.000212099
84,0.0002048954
85,0.0002015682
86,0.0001980682
87,0.0001939207
88,0.0001911748
89,0.0001948056
90,0.0001834195
91,0.0001917272
92,0.000178199
93,0.0001804461
94,0.0001752238
95,0.0001788254
96,0.0001746979
97,0.0001776351
98,0.0001704863
99,0.0001680255
100,0.0001654161
101,0.0001654803
102,0.0001640835
103,0.0001618701
104,0.000157915
105,0.0001565522
106,0.0001527725
107,0.0001536562
108,0.0001537017
109,0.0001521382
110,0.0001556621
111,0.0001500374
112,0.0001506319
113,0.0001443986
114,0.0001450436
115,0.000150873
116,0.0001434126
117,0.0001411732
118,0.0001465299
119,0.0001437144
120,0.0001407049
121,0.0001394417
122,0.0001390618
123,0.0001342786
124,0.0001312583
125,0.0001329648
126,0.0001338519
127,0.0001341239
128,0.0001276932
129,0.0001356213
130,0.00012415
131,0.0001313261
132,0.0001265101
133,0.0001311561
134,0.0001252672
135,0.0001211914
136,0.0001269545
137,0.0001250512
138,0.0001270443
139,0.0001275491
140,0.0001209559
141,0.0001189784
142,0.0001226269
143,0.0001238946
144,0.0001210357
145,0.0001202707
146,0.0001160478
147,0.0001200966
148,0.0001189697
149,0.000117298
150,0.0001108268
151,0.0001170845
152,0.0001081059
153,0.0001061681
154,0.0001146835
155,0.0001089893
156,0.0001088608
157,0.0001096427
158,8.768292E-05
159,0.0001110682
160,0.0001056862
161,0.0001174147
162,0.0001092419
163,8.105881E-05
164,0.0001086176
165,0.000106989
166,0.000126888
167,0.0001119048
168,0.0001170819
169,0.0001062789
170,0.000113039
171,0.0001155338
172,0.0001051053
173,0.000103231
174,0.000103723
175,0.0001028599
176,0.0001146746
177,9.931566E-05
178,7.704025E-05
179,0.0001072695
180,0.000100379
181,0.0001339561
182,0.0001132028
183,0.0001151813
184,0.000102617
185,0.0001029381
186,0.0001105645
187,0.0001033313
188,0.0001023503
189,0.0001006308
190,0.0001061861
191,0.0001018534
192,0.0001035673
193,0.0001033595
194,0.0001001749
195,9.920422E-05
196,9.605684E-05
197,0.0001014676
198,0.0001011255
199,9.336795E-05
200,0.0001019515
201,0.0001046046
202,9.830848E-05
203,9.391989E-05
204,9.700887E-05
205,9.755343E-05
206,0.0001015452
207,9.724304E-05
208,9.742485E-05
209,9.431431E-05
210,9.56172E-05
211,9.772553E-05
212,9.693287E-05
213,9.782535E-05
214,9.60344E-05
215,0.0001014025
216,9.484294E-05
217,9.849897E-05
218,9.518793E-05
219,9.266523E-05
220,9.390584E-05
221,9.344326E-05
222,9.731215E-05
223,9.305227E-05
224,9.422595E-05
225,9.572547E-05
226,9.660177E-05
227,9.942634E-05
228,9.809141E-05
229,9.497653E-05
230,9.734333E-05
231,9.36623E-05
232,9.917704E-05
233,9.503641E-05
234,9.456214E-05
235,9.742755E-05
236,9.036565E-05
237,9.438304E-05
238,9.305702E-05
239,9.171642E-05
240,9.013624E-05
241,9.112183E-05
242,8.913482E-05
243,8.985383E-05
244,9.486455E-05
245,9.370508E-05
246,9.59395E-05
247,9.274582E-05
248,9.413431E-05
249,9.313754E-05
250,9.380122E-05
251,9.162741E-05
252,9.380157E-05
253,9.082865E-05
254,9.522993E-05
255,0
0,0.01050449
1,0.01284893
2,0.03130957
3,0.03367473
4,0.01333933
5,0.06162996
6,0.009778291
7,0.03366342
8,0.06260221
9,0.0256256
10,0.06040864
11,0.006124271
12,0.01758807
13,0.03200096
14,0.007430516
15,0.01093428
16,0.002056431
17,0.002597866
18,0.003822915
19,0.001697888
20,0.00345159
21,0.001093596
22,0.001206462
23,0.001529563
24,0.0007065958
25,0.002000362
26,0.001153358
27,0.000969868
28,0.003620885
29,0.001174176
30,0.002761073
31,0.002401193
32,0.001371949
33,0.00833175
34,0.001603737
35,0.003487794
36,0.001166259
37,0.0005101023
38,0.000496584
39,0.0005947145
40,0.0005715463
41,0.0005697617
42,0.0005785073
43,0.0006131516
44,0.0008100185
45,0.0007687457
46,0.001609985
47,0.0007127369
48,0.002240738
49,0.0008646538
50,0.0003991974
51,0.0009243042
52,0.0009946233
53,0.0008966097
54,0.0005020343
55,0.0008068463
56,0.000251156
57,0.0005246621
58,0.0004065113
59,0.0005415794
60,0.0005492438
61,0.0006356518
62,0.0003755015
63,0.0004943984
64,0.0003751901
65,0.0006892965
66,0.001567465
67,0.0006164883
68,0.001196124
69,0.0005047877
70,0.0003626585
71,0.0004643183
72,0.0003461131
73,0.0004844836
74,0.0004359405
75,0.0001407026
76,0.0003068894
77,0.0001960635
78,0.0001548942
79,0.0003996461
80,0.0004013141
81,0.0003339219
82,0.0003219551
83,0.0003125254
84,0.0003135803
85,0.000302729
86,0.0003040505
87,0.0002904102
88,0.0002999143
89,0.0002901899
90,0.000288619
91,0.0002783461
92,0.0002839802
93,0.0002818229
94,0.0002747635
95,0.0002664824
96,0.0002680517
97,0.0002739461
98,0.0002590176
99,0.0002628794
100,0.0002536373
101,0.0002545692
102,0.0002550413
103,0.0002505564
104,0.0002501084
105,0.0002487578
106,0.0002471394
107,0.0002446171
108,0.0002392582
109,0.0002400402
110,0.000235325
111,0.0002371732
112,0.0002335085
113,0.0002292141
114,0.0002309655
115,0.0002251104
116,0.0002271804
117,0.0002217289
118,0.0002274939
119,0.0002248941
120,0.000221606
121,0.0002203249
122,0.0002210793
123,0.0002133062
124,0.0002142908
125,0.0002161931
126,0.0002125898
127,0.0002137502
128,0.0002088417
129,0.0002083221
130,0.0002028709
131,0.0002055765
132,0.0002017751
133,0.0002066618
134,0.0001979573
135,0.0002010583
136,0.000200524
137,0.0001981233
138,0.000192321
139,0.000195657
140,0.0001948372
141,0.0001966164
142,0.0001962814
143,0.0001968984
144,0.0001896601
145,0.0001919637
146,0.0001875388
147,0.0001871152
148,0.0001868945
149,0.0001841394
150,0.000182918
151,0.0001867437
152,0.000189699
153,0.0001859261
154,0.0001848562
155,0.0001876649
156,0.0001787543
157,0.000178105
158,0.0002056331
159,0.0001809452
160,0.0001866102
161,0.000169833
162,0.0001767368
163,0.0002003008
164,0.0001792323
165,0.0001847524
166,0.0001476878
167,0.0001575919
168,0.0001509873
169,0.0001608108
170,0.0001456651
171,0.0002148304
172,0.0001787763
173,0.0001520235
174,0.0001767699
175,0.0001722621
176,0.0001815511
177,0.0001721311
178,0.0001714641
179,0.000163813
180,0.0001633217
181,0.0001815338
182,0.0001704759
183,0.000173123
184,0.0001625575
185,0.000167191
186,0.0001681063
187,0.000165258
188,0.0001656097
189,0.0001596776
190,0.0001592562
191,0.0001588807
192,0.0001586219
193,0.0001592951
194,0.0001597814
195,0.0001571986
196,0.0001626624
197,0.0001609515
198,0.0001566615
199,0.0001621153
200,0.0001600554
201,0.0001617541
202,0.0001539235
203,0.0001510731
204,0.0001561009
205,0.0001578903
206,0.0001633718
207,0.0001546576
208,0.0001548165
209,0.0001563338
210,0.000152725
211,0.000147409
212,0.0001516415
213,0.0001607004
214,0.0001530222
215,0.0001545667
216,0.0001548305
217,0.0001539285
218,0.0001486232
219,0.0001515572
220,0.0001547916
221,0.0001515705
222,0.0001528131
223,0.0001480181
224,0.0001491846
225,0.0001521551
226,0.000154851
227,0.0001470047
228,0.0001529154
229,0.0001487983
230,0.0001504929
231,0.0001495208
232,0.0001493693
233,0.000152921
234,0.0001480958
235,0.0001499183
236,0.0001484221
237,0.0001500137
238,0.0001519483
239,0.0001494633
240,0.0001502934
241,0.000146436
242,0.0001487514
243,0.0001500973
244,0.0001467943
245,0.0001500496
246,0.0001562772
247,0.0001511512
248,0.0001450098
249,0.0001470889
250,0.0001487171
251,0.0001468661
252,0.0001474208
253,0.0001468319
254,0.0001506088
255,0
0,0.007429357
1,0.009258428
2,0.02677613
3,0.03201507
4,0.01527878
5,0.04274835
6,0.02127245
7,0.05166511
8,0.04556997
9,0.01185917
10,0.05710508
11,0.007466787
12,0.02165766
13,0.03023328
14,0.009633474
15,0.01421722
16,0.006168865
17,0.006558118
18,0.004571095
19,0.003924666
20,0.00343452
21,0.003254023
22,0.003399194
23,0.002326617
24,0.002365771
25,0.003389841
26,0.001875312
27,0.001828315
28,0.00341111
29,0.001963173
30,0.001008088
31,0.00250647
32,0.005325316
33,0.003190497
34,0.002183936
35,0.004566567
36,0.00102108
37,0.001950246
38,0.0007654086
39,0.00104519
40,0.001041818
41,0.001023487
42,0.0009654405
43,0.0009967574
44,0.001039949
45,0.002377897
46,0.000557793
47,0.0007555024
48,0.002791191
49,0.001304905
50,0.001467225
51,0.0008669115
52,0.001020613
53,0.001255218
54,0.001308025
55,0.0004672947
56,0.0008419714
57,0.0007591757
58,0.0007914473
59,0.0005613934
60,0.001549681
61,0.0008774479
62,0.0008222052
63,0.001141126
64,0.0006619884
65,0.0004462042
66,0.0009689801
67,0.001632974
68,0.0006001198
69,0.0002632928
70,0.0007040825
71,0.0004518123
72,0.0006814131
73,0.00124377
74,0.0008560489
75,0.0007573698
76,0.0008617881
77,0.000732997
78,0.0006759987
79,0.0006092619
80,0.0005927281
81,0.000636277
82,0.0006315668
83,0.0006175769
84,0.0006058337
85,0.0006038757
86,0.0006025292
87,0.0005859411
88,0.0005832124
89,0.000581422
90,0.0005716744
91,0.0005608147
92,0.0005614065
93,0.0005473337
94,0.0005498187
95,0.0005411928
96,0.0005340059
97,0.0005224497
98,0.0005266527
99,0.0005203576
100,0.0005113505
101,0.000506011
102,0.0005044432
103,0.0005030802
104,0.00049847
105,0.0004954604
106,0.000489281
107,0.0004827782
108,0.0004808392
109,0.0004740632
110,0.0004718649
111,0.0004671684
112,0.0004659634
113,0.0004595873
114,0.0004588804
115,0.0004525324
116,0.0004510518
117,0.000445426
118,0.0004399148
119,0.0004440197
120,0.000437475
121,0.0004328541
122,0.0004315535
123,0.0004295168
124,0.0004262341
125,0.0004229998
126,0.0004230965
127,0.0004166624
128,0.000415618
129,0.000411771
130,0.0004065085
131,0.0004075253
132,0.0004024041
133,0.0004017556
134,0.0003967789
135,0.0003911834
136,0.0003992771
137,0.0003934853
138,0.0003893782
139,0.0003904493
140,0.0003886246
141,0.0003884533
142,0.0003810958
143,0.0003822685
144,0.0003783406
145,0.0003756701
146,0.0003744672
147,0.000372183
148,0.0003676794
149,0.0003683792
150,0.0003655508
151,0.0003655918
152,0.0003623972
153,0.0003609366
154,0.0003617519
155,0.0003561785
156,0.0003617206
157,0.000353753
158,0.0003493336
159,0.0003486521
160,0.0003459101
161,0.0003561619
162,0.0003514486
163,0.0003626315
164,0.0003344268
165,0.0003326213
166,0.0003636069
167,0.0003437992
168,0.00034074
169,0.0003331754
170,0.0003225214
171,0.0003879401
172,0.0003540312
173,0.0003595161
174,0.0003343035
175,0.0003347954
176,0.0003406864
177,0.0003376917
178,0.0003434609
179,0.0003305437
180,0.0003435984
181,0.0002988965
182,0.000319955
183,0.0003337689
184,0.0003206346
185,0.0003161124
186,0.0003188672
187,0.0003198729
188,0.0003170283
189,0.0003186918
190,0.0003180169
191,0.0003117805
192,0.000312619
193,0.0003170687
194,0.0003181761
195,0.000316233
196,0.0003119061
197,0.000310579
198,0.0003093632
199,0.0003075095
200,0.0003098228
201,0.0003174928
202,0.0003071251
203,0.0003166232
204,0.0003058949
205,0.0003064141
206,0.0003079225
207,0.0003078235
208,0.0003080209
209,0.0003060811
210,0.0003024322
211,0.0003051497
212,0.0003059781
213,0.0003074402
214,0.0003058428
215,0.0002993508
216,0.0002971933
217,0.0003030344
218,0.000298324
219,0.00029703
220,0.0002996657
221,0.0002945594
222,0.0002978262
223,0.0003005367
224,0.0002938138
225,0.0002962358
226,0.0002941402
227,0.0002929837
228,0.0002961251
229,0.0002947256
230,0.0002990792
231,0.0002962703
232,0.0002914332
233,0.0002897111
234,0.000290294
235,0.0002929125
236,0.0002992371
237,0.0002939829
238,0.0002943573
239,0.0002959297
240,0.0002921098
241,0.000290539
242,0.0002964015
243,0.0002945326
244,0.0002880401
245,0.0002945243
246,0.0002910889
247,0.0002956431
248,0.0002931452
249,0.0002915753
250,0.0002869121
251,0.0002924029
252,0.0002954561
253,0.0002906413
254,0.0002904578
255,0
0,0.008595852
1,0.0108312
2,0.03057383
3,0.03188373
4,0.01255626
5,0.05051389
6,0.01705358
7,0.04951361
8,0.05411159
9,0.0200057
10,0.04920537
11,0.01594525
12,0.02773882
13,0.026529
14,0.01110072
15,0.006492085
16,0.005706085
17,0.005777089
18,0.002883915
19,0.003373853
20,0.004401104
21,0.003098074
22,0.003166993
23,0.00236508
24,0.002083422
25,0.00354132
26,0.001536441
27,0.0004952473
28,0.00413091
29,0.002323058
30,0.003045243
31,0.002101022
32,0.003143596
33,0.003891407
34,0.0009975424
35,0.0054842
36,0.00168746
37,0.001438665
38,0.00155827
39,0.001448838
40,0.001424978
41,0.001359612
42,0.001403534
43,0.001071111
44,0.001123118
45,0.002330567
46,0.0004197088
47,0.0004862512
48,0.003039066
49,0.001839244
50,0.001046192
51,0.001366221
52,0.001541327
53,0.0009550745
54,0.0009692481
55,0.001560449
56,0.0009935872
57,0.000963343
58,0.001109596
59,0.00130947
60,0.0003702954
61,0.0008158418
62,0.0008692066
63,0.0009905844
64,0.0009023911
65,0.0007259991
66,0.001041766
67,0.001160639
68,0.000605283
69,0.001026006
70,0.0009445156
71,0.0007301617
72,0.0004326467
73,0.000730262
74,0.0006762062
75,0.0008493501
76,0.0008926518
77,0.0009106673
78,0.00086021
79,0.0007595777
80,0.0006236473
81,0.0006737262
82,0.0006679483
83,0.0006672
84,0.0006580317
85,0.0006471662
86,0.000640554
87,0.0006380329
88,0.000631853
89,0.0006289624
90,0.0006241632
91,0.0006220097
92,0.0006028215
93,0.000599071
94,0.0005955902
95,0.0005905378
96,0.0005808508
97,0.0005726324
98,0.0005761548
99,0.0005660294
100,0.000558836
101,0.0005572852
102,0.0005546173
103,0.0005492879
104,0.0005445462
105,0.0005373854
106,0.0005345058
107,0.0005346034
108,0.000525423
109,0.0005183584
110,0.0005190691
111,0.0005141362
112,0.0005167658
113,0.0005078953
114,0.0005061167
115,0.0004991555
116,0.0004964583
117,0.0004952035
118,0.0004861331
119,0.000484873
120,0.0004774098
121,0.0004785025
122,0.000473243
123,0.0004756656
124,0.0004727584
125,0.0004635964
126,0.0004625252
127,0.0004586331
128,0.0004581877
129,0.000458251
130,0.0004527774
131,0.0004471326
132,0.0004419626
133,0.0004444193
134,0.0004394746
135,0.0004358089
136,0.0004374076
137,0.0004328217
138,0.0004297963
139,0.0004247121
140,0.0004244277
141,0.0004213917
142,0.0004232288
143,0.000421203
144,0.0004155904
145,0.0004147736
146,0.0004139431
147,0.0004088664
148,0.0004088934
149,0.0004046501
150,0.0004030063
151,0.0004063316
152,0.0004030954
153,0.0003955108
154,0.0004011791
155,0.0003933592
156,0.0003923489
157,0.0003908888
158,0.000369107
159,0.0003961548
160,0.0003985788
161,0.0003762433
162,0.0003850886
163,0.0003782957
164,0.0003906413
165,0.0003985438
166,0.0003497632
167,0.0003713653
168,0.0003755365
169,0.0003640127
170,0.0003506849
171,0.0004144147
172,0.0003776157
173,0.000387028
174,0.0003697359
175,0.0003635937
176,0.0003739547
177,0.0003696501
178,0.000395308
179,0.0003530338
180,0.0003462806
181,0.0003858609
182,0.0003612973
183,0.0003524069
184,0.0003617757
185,0.0003531673
186,0.0003583884
187,0.000354848
188,0.000353028
189,0.0003518193
190,0.0003514772
191,0.0003495076
192,0.0003503561
193,0.0003453724
194,0.0003447182
195,0.0003437946
196,0.0003491799
197,0.0003460922
198,0.000343211
199,0.0003471014
200,0.0003462963
201,0.0003358822
202,0.0003361212
203,0.0003360249
204,0.0003378121
205,0.0003410147
206,0.0003369502
207,0.0003379362
208,0.0003387604
209,0.000338305
210,0.0003370834
211,0.0003334296
212,0.000333839
213,0.0003334837
214,0.000330281
215,0.0003388406
216,0.0003323122
217,0.0003311048
218,0.0003290387
219,0.000330241
220,0.0003288857
221,0.0003289566
222,0.0003317888
223,0.0003237858
224,0.0003318695
225,0.0003267782
226,0.0003308287
227,0.0003285151
228,0.0003254125
229,0.0003261077
230,0.0003264115
231,0.0003288467
232,0.0003220097
233,0.0003249177
234,0.0003272286
235,0.0003240663
236,0.0003239533
237,0.0003240185
238,0.0003264744
239,0.0003239334
240,0.0003237189
241,0.0003208198
242,0.0003190032
243,0.0003314334
244,0.0003241727
245,0.0003228472
246,0.0003222081
247,0.0003242546
248,0.0003159638
249,0.0003236984
250,0.0003224377
251,0.0003220921
252,0.0003190174
253,0.0003246611
254,0.0003164943
255,0
0,0.01264511
1,0.01453988
2,0.03359908
3,0.02255187
4,0.009025783
5,0.05832885
6,0.01280124
7,0.05055992
8,0.05188087
9,0.02427855
10,0.05261257
11,0.01120282
12,0.03578246
13,0.0230852
14,0.01002967
15,0.01260843
16,0.002852021
17,0.003903569
18,0.0006824004
19,0.0004646789
20,0.002238746
21,0.0007502349
22,0.001606963
23,0.0004508669
24,0.0001233682
25,0.001468014
26,0.0004516252
27,0.00177054
28,0.001285514
29,0.000970824
30,0.002891818
31,0.0005796943
32,0.004337172
33,0.001698847
34,0.002230742
35,0.003278877
36,0.0001338717
37,0.0004640687
38,0.0002614883
39,0.000333461
40,0.00035964
41,0.0004023346
42,0.0003958527
43,0.0004828293
44,0.0006575505
45,0.0008084594
46,0.0002783601
47,0.002278182
48,0.001027394
49,0.0008974008
50,0.0003515504
51,0.0004318758
52,0.0006206634
53,0.0001473
54,0.0004334995
55,0.0005941797
56,0.0004265656
57,0.0005702797
58,0.0005417661
59,0.0006728637
60,0.0007117441
61,0.0004145119
62,0.0002969645
63,7.943513E-05
64,0.0004374503
65,0.0005168688
66,0.0001600919
67,0.0005738726
68,0.0007388146
69,0.0004515312
70,0.0004289391
71,0.0004096963
72,0.0009683806
73,0.0007353191
74,0.0006750498
75,7.91808E-05
76,0.0001454697
77,0.0004030783
78,6.933021E-05
79,0.0003044453
80,0.0001200295
81,0.0001616677
82,0.0001526319
83,0.0001464178
84,0.0001482444
85,0.0001425463
86,0.000137797
87,0.0001405928
88,0.0001384274
89,0.0001353386
90,0.0001389918
91,0.0001419444
92,0.0001290164
93,0.0001326915
94,0.0001346023
95,0.0001344359
96,0.0001284148
97,0.0001322038
98,0.0001281026
99,0.0001267643
100,0.0001247579
101,0.0001229798
102,0.0001230167
103,0.0001196129
104,0.0001237488
105,0.0001192236
106,0.0001177252
107,0.000116253
108,0.0001197605
109,0.0001164294
110,0.0001131949
111,0.0001111649
112,0.0001125458
113,0.0001138535
114,0.0001094695
115,0.0001090622
116,0.0001115825
117,0.0001118503
118,0.0001115441
119,0.000115367
120,0.0001087742
121,0.0001065005
122,0.0001026811
123,0.0001020793
124,0.0001026266
125,0.000105731
126,0.0001047252
127,0.0001026071
128,9.838538E-05
129,0.0001030367
130,9.873667E-05
131,0.0001006473
132,0.0001032148
133,9.550586E-05
134,9.836884E-05
135,0.0001018319
136,9.843258E-05
137,9.807446E-05
138,9.562933E-05
139,9.913245E-05
140,9.814557E-05
141,9.961789E-05
142,9.394494E-05
143,9.371326E-05
144,9.534576E-05
145,9.20068E-05
146,9.115171E-05
147,9.336995E-05
148,9.193841E-05
149,9.23009E-05
150,9.18429E-05
151,9.150674E-05
152,8.511058E-05
153,9.198193E-05
154,9.045277E-05
155,8.918971E-05
156,8.682749E-05
157,9.118302E-05
158,0.0001165324
159,7.843254E-05
160,7.827159E-05
161,9.825095E-05
162,9.006434E-05
163,0.0001173142
164,7.365788E-05
165,7.542042E-05
166,8.760403E-05
167,7.700633E-05
168,8.466798E-05
169,7.584095E-05
170,6.002222E-05
171,0.0001298201
172,9.310999E-05
173,0.0001064502
174,8.122332E-05
175,8.227216E-05
176,8.947719E-05
177,8.240357E-05
178,7.462542E-05
179,8.94682E-05
180,8.892675E-05
181,7.856835E-05
182,7.853255E-05
183,9.061791E-05
184,8.136366E-05
185,8.241302E-05
186,7.450625E-05
187,8.004583E-05
188,7.63325E-05
189,7.815492E-05
190,8.04279E-05
191,7.864632E-05
192,7.984577E-05
193,7.888601E-05
194,7.911495E-05
195,7.794728E-05
196,7.992804E-05
197,8.031238E-05
198,7.733463E-05
199,7.857482E-05
200,7.528954E-05
201,7.218117E-05
202,7.680363E-05
203,7.398322E-05
204,7.787748E-05
205,7.784551E-05
206,7.323165E-05
207,7.718122E-05
208,7.318107E-05
209,7.633757E-05
210,7.839863E-05
211,7.595742E-05
212,7.449985E-05
213,6.993645E-05
214,7.319653E-05
215,7.027958E-05
216,7.772166E-05
217,7.386672E-05
218,7.50105E-05
219,7.206895E-05
220,7.473378E-05
221,7.090542E-05
222,7.013696E-05
223,7.043302E-05
224,7.60688E-05
225,7.336536E-05
226,7.451962E-05
227,7.591209E-05
228,7.594236E-05
229,7.563177E-05
230,7.301789E-05
231,6.994428E-05
232,7.488942E-05
233,7.553177E-05
234,7.166281E-05
235,6.982852E-05
236,7.025602E-05
237,7.227495E-05
238,7.28977E-05
239,7.409298E-05
240,6.988924E-05
241,7.257352E-05
242,7.584213E-05
243,7.11909E-05
244,7.22679E-05
245,7.344144E-05
246,7.172825E-05
247,7.224727E-05
248,7.213731E-05
249,7.122883E-05
250,6.811932E-05
251,7.135681E-05
252,7.205573E-05
253,7.469866E-05
254,7.308578E-05
255,0
0,0.008890375
1,0.01163572
2,0.03069988
3,0.02918958
4,0.005147117
5,0.05604535
6,0.00978554
7,0.03636972
8,0.06743674
9,0.01786139
10,0.04449533
11,0.02355222
12,0.02636087
13,0.03511621
14,0.01139839
15,0.005911179
16,0.01013286
17,0.007667419
18,0.003661027
19,0.005026101
20,0.003014834
21,0.005760335
22,0.00464489
23,0.003875569
24,0.00383234
25,0.002588744
26,0.004395484
27,0.003743209
28,0.00497642
29,0.003858615
30,0.002481252
31,0.005194207
32,0.003588944
33,0.009088773
34,0.003070106
35,0.002909063
36,0.004767884
37,0.003413735
38,0.003126205
39,0.00296365
40,0.002846455
41,0.002714298
42,0.002647617
43,0.0015284
44,0.002565092
45,0.003203342
46,0.002172351
47,0.002981688
48,0.005896729
49,0.002155233
50,0.00186609
51,0.001363597
52,0.001874544
53,0.002252582
54,0.001658641
55,0.001616362
56,0.001589829
57,0.001874394
58,0.001434385
59,0.001967472
60,0.001440394
61,0.001422217
62,0.001445028
63,0.001243338
64,0.001880856
65,0.001290659
66,0.001516623
67,0.0009778141
68,0.001078811
69,0.001815935
70,0.001590654
71,0.001617339
72,0.001377901
73,0.0008126447
74,0.001650373
75,0.001467441
76,0.00100255
77,0.001293625
78,0.0009024786
79,0.001336023
80,0.001270014
81,0.001191672
82,0.001184091
83,0.001161666
84,0.00114476
85,0.001143952
86,0.001126594
87,0.001126061
88,0.001114948
89,0.001098992
90,0.001080352
91,0.001077093
92,0.001067958
93,0.001052187
94,0.001049799
95,0.001036471
96,0.00102933
97,0.001022112
98,0.001007446
99,0.001007367
100,0.0009920935
101,0.0009842064
102,0.0009783353
103,0.000968657
104,0.0009613583
105,0.0009531779
106,0.0009437785
107,0.000941327
108,0.0009314173
109,0.0009261118
110,0.0009139988
111,0.0009048353
112,0.0009047965
113,0.0008958816
114,0.0008859928
115,0.0008852914
116,0.0008800693
117,0.0008710818
118,0.000861471
119,0.0008554879
120,0.0008509241
121,0.0008484275
122,0.0008510706
123,0.0008340593
124,0.0008276175
125,0.0008227198
126,0.0008180808
127,0.0008182001
128,0.0008047957
129,0.0008064926
130,0.0007957479
131,0.0007921027
132,0.0007888994
133,0.0007845503
134,0.0007785586
135,0.0007733083
136,0.0007773116
137,0.0007702458
138,0.0007572208
139,0.0007585151
140,0.0007544974
141,0.0007529595
142,0.0007465849
143,0.0007491152
144,0.0007411084
145,0.0007373179
146,0.0007330853
147,0.0007306755
148,0.0007286437
149,0.0007229277
150,0.0007192572
151,0.0007162138
152,0.0007159163
153,0.0007116669
154,0.0007031869
155,0.0006995326
156,0.0007025933
157,0.0007006399
158,0.0006888478
159,0.0006941067
160,0.0006918113
161,0.0006727542
162,0.00067452
163,0.0006410482
164,0.0006730185
165,0.0006588729
166,0.0006933296
167,0.0006757844
168,0.0006639872
169,0.0006685819
170,0.0006645521
171,0.0006679982
172,0.0006613906
173,0.0006764574
174,0.000647566
175,0.0006464055
176,0.0006568236
177,0.0006434638
178,0.0006175671
179,0.0006584978
180,0.0006515701
181,0.0006092845
182,0.0006323154
183,0.0006384039
184,0.0006353482
185,0.0006319638
186,0.0006321889
187,0.0006289302
188,0.0006246039
189,0.0006257243
190,0.000620324
191,0.0006259675
192,0.0006207908
193,0.0006189081
194,0.0006182477
195,0.0006165376
196,0.0006177599
197,0.0006138575
198,0.0006124571
199,0.0006119803
200,0.0006090386
201,0.0006069231
202,0.0006084518
203,0.0006038774
204,0.0006022184
205,0.000600622
206,0.0006036402
207,0.0005981335
208,0.0005977939
209,0.0005994761
210,0.0005986529
211,0.0005946368
212,0.0005925807
213,0.0005934642
214,0.0005932651
215,0.0005941094
216,0.0005887698
217,0.0005861288
218,0.000587192
219,0.0005844805
220,0.0005856182
221,0.0005857933
222,0.0005820679
223,0.0005851476
224,0.0005816413
225,0.0005835503
226,0.0005827379
227,0.0005837238
228,0.0005788882
229,0.000579512
230,0.0005787251
231,0.0005788003
232,0.000578816
233,0.0005801384
234,0.0005771415
235,0.0005754403
236,0.0005706733
237,0.0005798002
238,0.0005755468
239,0.0005758417
240,0.0005740636
241,0.0005739651
242,0.000573362
243,0.0005729143
244,0.0005675484
245,0.0005772081
246,0.0005731035
247,0.0005735838
248,0.0005732338
249,0.000574427
250,0.0005712425
251,0.0005703553
252,0.000574784
253,0.0005773788
254,0.0005730027
255,0
0,0.004077931
1,0.006602267
2,0.02515745
3,0.03456047
4,0.01668426
5,0.06887991
6,0.0173217
7,0.04306173
8,0.0381156
9,0.01258056
10,0.06010794
11,0.004995822
12,0.01667746
13,0.02188843
14,0.008257816
15,0.0103512
16,0.003093445
17,0.002953255
18,0.003832862
19,0.001696136
20,0.003333926
21,0.001889055
22,0.001849479
23,0.001502184
24,0.001511427
25,0.003330941
26,0.001191081
27,0.002191755
28,0.001924882
29,0.001181763
30,0.004672774
31,0.001056484
32,0.003583578
33,0.003073627
34,0.002192597
35,0.002048869
36,0.001120396
37,0.0008220376
38,0.0008965926
39,0.0008173939
40,0.0007803054
41,0.0007636703
42,0.0008086169
43,0.0005408349
44,0.00121752
45,0.001141033
46,0.0004839979
47,0.002345704
48,0.001332134
49,0.0009039348
50,0.0005702699
51,0.0002561581
52,0.0009070523
53,0.0004501214
54,0.0001224573
55,0.0001213627
56,0.0005175237
57,0.0001782224
58,0.001118824
59,0.0006593691
60,0.0009899687
61,0.0006011256
62,0.000459365
63,0.0002938133
64,0.0002832435
65,0.000489607
66,0.0001130996
67,0.0001565589
68,0.001305649
69,0.0004672811
70,0.0008552398
71,0.0008026158
72,0.001197902
73,0.0008485996
74,0.0001341041
75,0.0004387231
76,0.0001702875
77,0.0002239805
78,0.0003210045
79,0.0003126694
80,0.0003450516
81,0.0002462589
82,0.0002441638
83,0.0002405023
84,0.0002457051
85,0.000230187
86,0.0002398072
87,0.0002283063
88,0.000235603
89,0.000227121
90,0.0002265362
91,0.0002204065
92,0.0002181469
93,0.0002161088
94,0.0002112417
95,0.0002142416
96,0.0002121374
97,0.0002087145
98,0.0002057569
99,0.0002080219
100,0.0002043034
101,0.0002004009
102,0.0001965742
103,0.0001965887
104,0.0001983942
105,0.00019547
106,0.0001970029
107,0.0001902832
108,0.0001912649
109,0.0001889269
110,0.0001874547
111,0.0001879837
112,0.0001886967
113,0.0001778311
114,0.0001802178
115,0.0001783314
116,0.0001820558
117,0.0001774597
118,0.0001770583
119,0.0001742926
120,0.0001698867
121,0.0001715474
122,0.0001749534
123,0.0001725969
124,0.0001677596
125,0.000166165
126,0.0001674221
127,0.0001693521
128,0.0001619553
129,0.0001681007
130,0.0001592937
131,0.0001620184
132,0.0001530129
133,0.0001560966
134,0.000157648
135,0.0001585534
136,0.0001589807
137,0.0001548715
138,0.0001566153
139,0.0001558813
140,0.0001574884
141,0.0001564342
142,0.0001496686
143,0.000153069
144,0.0001473745
145,0.0001505472
146,0.0001483698
147,0.0001459549
148,0.0001445545
149,0.0001456596
150,0.0001458187
151,0.0001428046
152,0.0001446887
153,0.0001493233
154,0.000141085
155,0.0001419584
156,0.0001403478
157,0.000138253
158,0.0001461869
159,0.0001354255
160,0.0001355548
161,0.0001432524
162,0.0001352829
163,0.0001140368
164,0.0001391946
165,0.0001242823
166,0.0001641167
167,0.0001483003
168,0.0001491258
169,0.0001298536
170,0.0001340115
171,0.0001434589
172,0.0001299728
173,0.0001186304
174,0.0001360362
175,0.0001302447
176,0.0001366874
177,0.0001313674
178,0.0001050868
179,0.0001371018
180,0.0001314541
181,0.0001507171
182,0.0001382287
183,0.0001392939
184,0.0001370448
185,0.0001349123
186,0.0001240648
187,0.0001283314
188,0.000129809
189,0.0001285887
190,0.0001283966
191,0.0001279044
192,0.0001302783
193,0.0001296915
194,0.000125028
195,0.0001261103
196,0.0001229434
197,0.0001243239
198,0.0001257463
199,0.0001235092
200,0.0001289659
201,0.000124083
202,0.0001222959
203,0.0001317765
204,0.000125503
205,0.0001211725
206,0.0001193666
207,0.0001235894
208,0.0001260786
209,0.0001212927
210,0.0001225617
211,0.0001234893
212,0.0001207065
213,0.0001229077
214,0.0001210512
215,0.0001228121
216,0.0001186717
217,0.0001203452
218,0.0001232054
219,0.0001205742
220,0.0001223863
221,0.0001237486
222,0.0001152606
223,0.0001214678
224,0.0001235291
225,0.0001182421
226,0.0001162151
227,0.0001160557
228,0.0001137382
229,0.000114649
230,0.0001204504
231,0.0001202274
232,0.0001171768
233,0.0001178108
234,0.000120499
235,0.0001150007
236,0.0001213038
237,0.0001217953
238,0.0001171937
239,0.0001150862
240,0.0001168732
241,0.0001111791
242,0.0001169692
243,0.0001152647
244,0.0001141699
245,0.0001129228
246,0.0001214782
247,0.0001200206
248,0.0001172269
249,0.000115951
250,0.0001152845
251,0.0001151427
252,0.0001184366
253,0.0001191374
254,0.0001180745
255,0
frequency,quantity
