frequency,quantity
0,0.000856941
1,0.0008800465
2,0.002220583
3,0.001690799
4,0.0005696343
5,0.000276763
6,0.0002943196
7,0.000176347
8,0.0002264412
9,0.0001866054
10,0.0002030065
11,0.0001352733
12,8.392267E-05
13,0.0001170671
14,6.306366E-05
15,3.428055E-05
16,7.926476E-05
17,5.974256E-05
18,0.0001534798
19,5.732963E-05
20,4.70058E-05
21,5.291373E-05
22,1.135455E-05
23,6.404068E-05
24,2.647952E-05
25,5.385594E-05
26,4.765566E-05
27,0.0001833944
28,5.013211E-05
29,9.16124E-05
30,8.391152E-05
31,2.870751E-05
32,0.0001567138
33,6.64493E-05
34,0.0001582447
35,0.0001127814
36,0.0002077522
37,0.0001160128
38,8.865479E-05
39,0.0001586407
40,0.000136115
41,6.466024E-05
42,2.613879E-05
43,6.233863E-05
44,2.794821E-05
45,0.0001122025
46,7.13264E-05
47,2.614838E-05
48,4.214294E-05
49,7.284839E-05
50,0.0001025759
51,0.0001844151
52,8.653545E-05
53,0.0001689145
54,7.95871E-05
55,1.405148E-05
56,2.800358E-05
57,5.026105E-05
58,3.418015E-05
59,4.191648E-05
60,1.480023E-05
61,7.680403E-05
62,7.526319E-05
63,6.457316E-05
64,3.51948E-05
65,3.452378E-05
66,1.159986E-05
67,5.914323E-05
68,2.94305E-05
69,3.011137E-05
70,3.158489E-05
71,2.148016E-05
72,2.328516E-05
73,1.77697E-05
74,2.505483E-05
75,2.005277E-05
76,1.895216E-05
77,1.049092E-05
78,2.245351E-05
79,1.49159E-05
80,1.250228E-05
81,2.072164E-05
82,1.951724E-05
83,1.598245E-05
84,2.098224E-05
85,1.486307E-05
86,1.928386E-05
87,1.065904E-05
88,1.627464E-05
89,1.852222E-05
90,1.519541E-05
91,1.614655E-05
92,1.756936E-05
93,1.700164E-05
94,1.372935E-05
95,1.412015E-05
96,1.600822E-05
97,1.43508E-05
98,1.291749E-05
99,1.735749E-05
100,1.50841E-05
101,1.219456E-05
102,1.330533E-05
103,1.304717E-05
104,1.332393E-05
105,1.56867E-05
106,1.597411E-05
107,1.270017E-05
108,1.54095E-05
109,1.726836E-05
110,1.50728E-05
111,1.411302E-05
112,1.104371E-05
113,1.687433E-05
114,1.323838E-05
115,1.362766E-05
116,1.159869E-05
117,1.435103E-05
118,1.233295E-05
119,1.058118E-05
120,1.223706E-05
121,1.553184E-05
122,1.537655E-05
123,9.466329E-06
124,1.139926E-05
125,1.113171E-05
126,1.264005E-05
127,1.065941E-05
128,1.226646E-05
129,1.407896E-05
130,9.393843E-06
131,1.247745E-05
132,1.32403E-05
133,1.46669E-05
134,9.061856E-06
135,1.202813E-05
136,1.389231E-05
137,9.82563E-06
138,1.120585E-05
139,1.034904E-05
140,1.020369E-05
141,6.845193E-06
142,1.010038E-05
143,1.090393E-05
144,9.975901E-06
145,1.269809E-05
146,1.139212E-05
147,1.06625E-05
148,1.495301E-05
149,1.016549E-05
150,1.274354E-05
151,1.17189E-05
152,1.32576E-05
153,1.0004E-05
154,1.094768E-05
155,1.101655E-05
156,1.056379E-05
157,1.36585E-05
158,1.032817E-05
159,1.216881E-05
160,7.01837E-06
161,1.242267E-05
162,6.319872E-06
163,9.719022E-06
164,9.291462E-06
165,1.10296E-05
166,9.078731E-06
167,1.086318E-05
168,1.762178E-05
169,9.586621E-06
170,2.451475E-05
171,5.312851E-05
172,1.913417E-05
173,2.649539E-05
174,8.800864E-06
175,1.268534E-05
176,9.279602E-06
177,1.054697E-05
178,7.220754E-06
179,7.114064E-06
180,9.154748E-06
181,7.330791E-06
182,1.055993E-05
183,1.0662E-05
184,8.523768E-06
185,8.144974E-06
186,7.746866E-06
187,8.434015E-06
188,1.10515E-05
189,9.744348E-06
190,9.42172E-06
191,9.207385E-06
192,7.800434E-06
193,9.425943E-06
194,8.517946E-06
195,8.703425E-06
196,7.927958E-06
197,1.030357E-05
198,8.475008E-06
199,1.066503E-05
200,5.172628E-06
201,3.975708E-06
202,1.083413E-05
203,1.181387E-05
204,8.447741E-06
205,1.287799E-05
206,9.51682E-06
207,1.069118E-05
208,8.697678E-06
209,6.862055E-06
210,9.281891E-06
211,6.882978E-06
212,8.307434E-06
213,1.082879E-05
214,1.3483E-05
215,8.11504E-06
216,6.433702E-06
217,7.583775E-06
218,7.082755E-06
219,9.44923E-06
220,6.129027E-06
221,8.871048E-06
222,9.049931E-06
223,6.446431E-06
224,1.086019E-05
225,1.135798E-05
226,1.150362E-05
227,1.130785E-05
228,6.795372E-06
229,1.122704E-05
230,1.067689E-05
231,6.726587E-06
232,9.289839E-06
233,9.253068E-06
234,7.312876E-06
235,1.04421E-05
236,7.34269E-06
237,7.571567E-06
238,8.258231E-06
239,8.802274E-06
240,7.011629E-06
241,1.031478E-05
242,1.037499E-05
243,9.360489E-06
244,1.262966E-05
245,8.663747E-06
246,6.565653E-06
247,1.223631E-05
248,1.035614E-05
249,6.254588E-06
250,9.394254E-06
251,7.15692E-06
252,1.079783E-05
253,1.129114E-05
254,1.208676E-05
255,0
0,1.888822E-05
1,0.0001683163
2,0.0009503618
3,0.00376414
4,0.001044477
5,0.001151564
6,0.0009056326
7,0.000336393
8,0.0002303257
9,0.0002295797
10,0.0002738052
11,0.000229969
12,0.0001834561
13,0.0001853809
14,8.856763E-05
15,0.0001618043
16,4.577132E-05
17,0.0001282023
18,0.0001051387
19,0.0008921357
20,0.0003038714
21,0.000152936
22,0.0001231669
23,0.0001818308
24,9.52988E-05
25,9.308398E-05
26,0.0001025826
27,0.00022768
28,0.0002070185
29,0.0001682825
30,0.0002367437
31,0.0002074735
32,0.0002152805
33,0.0002238618
34,8.009801E-05
35,0.0003237863
36,7.81992E-05
37,0.000266546
38,6.401525E-05
39,0.0001676555
40,7.348764E-05
41,9.569835E-05
42,0.0001636113
43,8.901233E-05
44,3.605969E-05
45,5.94023E-05
46,0.0002028537
47,0.0001025549
48,4.902478E-05
49,0.0001367054
50,3.733946E-05
51,0.0001760038
52,0.0002005312
53,0.0001118938
54,6.046224E-05
55,0.0001518714
56,5.076432E-05
57,4.013331E-05
58,4.963565E-05
59,1.815969E-05
60,4.431752E-05
61,3.947661E-05
62,5.794074E-05
63,6.74048E-05
64,5.518529E-05
65,2.606624E-05
66,2.460485E-05
67,2.623036E-05
68,2.244491E-05
69,1.915876E-05
70,1.635392E-05
71,2.426692E-05
72,2.518199E-05
73,1.688772E-05
74,2.538762E-05
75,9.477034E-06
76,1.29143E-05
77,8.628442E-06
78,1.724518E-05
79,1.401939E-05
80,1.252279E-05
81,1.968255E-05
82,1.218812E-05
83,1.931428E-05
84,1.418243E-05
85,1.783495E-05
86,1.827891E-05
87,2.095774E-05
88,1.216534E-05
89,1.242794E-05
90,1.607123E-05
91,1.55821E-05
92,1.693692E-05
93,1.163053E-05
94,1.633708E-05
95,1.015958E-05
96,1.238124E-05
97,1.332094E-05
98,1.431637E-05
99,1.20822E-05
100,1.348329E-05
101,1.321705E-05
102,1.250836E-05
103,1.567768E-05
104,1.608837E-05
105,1.235611E-05
106,1.547626E-05
107,1.41369E-05
108,1.443578E-05
109,1.014685E-05
110,1.219351E-05
111,1.523691E-05
112,1.282536E-05
113,1.29194E-05
114,1.39508E-05
115,1.053303E-05
116,1.219386E-05
117,1.070657E-05
118,1.824154E-05
119,1.304596E-05
120,1.360081E-05
121,8.15651E-06
122,1.202353E-05
123,1.150166E-05
124,9.985244E-06
125,8.079843E-06
126,9.436824E-06
127,1.186234E-05
128,1.4019E-05
129,1.478711E-05
130,1.66551E-05
131,4.769718E-06
132,8.764779E-06
133,1.163518E-05
134,9.652837E-06
135,1.45298E-05
136,1.38221E-05
137,1.458088E-05
138,9.082425E-06
139,1.38808E-05
140,8.903622E-06
141,1.152454E-05
142,1.0736E-05
143,9.59474E-06
144,1.019798E-05
145,1.395023E-05
146,1.377715E-05
147,1.19691E-05
148,1.2033E-05
149,1.151209E-05
150,1.230675E-05
151,4.604008E-06
152,1.044044E-05
153,9.457461E-06
154,1.450258E-05
155,1.708613E-05
156,1.436553E-05
157,8.863844E-06
158,1.104499E-05
159,1.105203E-05
160,1.424249E-05
161,1.033242E-05
162,1.013047E-05
163,1.014454E-05
164,1.278675E-05
165,7.310217E-06
166,9.876103E-06
167,1.500664E-05
168,8.299221E-06
169,2.235522E-05
170,3.946061E-05
171,4.489945E-05
172,3.44918E-06
173,1.095905E-05
174,1.165548E-05
175,6.568374E-06
176,1.043142E-05
177,7.336146E-06
178,7.580033E-06
179,7.054111E-06
180,1.132028E-05
181,7.124086E-06
182,1.119223E-05
183,1.087489E-05
184,1.039559E-05
185,9.299873E-06
186,1.009019E-05
187,6.019474E-06
188,7.299532E-06
189,6.899324E-06
190,5.271274E-06
191,7.730874E-06
192,9.410768E-06
193,6.130766E-06
194,5.869097E-06
195,8.456121E-06
196,1.036785E-05
197,4.421759E-06
198,5.618422E-06
199,8.924283E-06
200,8.848644E-06
201,8.109395E-06
202,9.966889E-06
203,6.197392E-06
204,8.765111E-06
205,7.504705E-06
206,6.496392E-06
207,6.869968E-06
208,1.079271E-05
209,9.257637E-06
210,5.529171E-06
211,1.075936E-05
212,9.374813E-06
213,8.968053E-06
214,7.857388E-06
215,9.119422E-06
216,7.131154E-06
217,1.062429E-05
218,1.036898E-05
219,7.334081E-06
220,7.518147E-06
221,6.307353E-06
222,6.325743E-06
223,9.944773E-06
224,6.333982E-06
225,9.79967E-06
226,8.742607E-06
227,1.076034E-05
228,5.4814E-06
229,1.162772E-05
230,7.698749E-06
231,8.575931E-06
232,8.496647E-06
233,7.909963E-06
234,1.117518E-05
235,2.631286E-06
236,8.511727E-06
237,1.035413E-05
238,4.071098E-06
239,7.199039E-06
240,8.208254E-06
241,1.150067E-05
242,7.045136E-06
243,1.108395E-05
244,1.099994E-05
245,9.291787E-06
246,6.761209E-06
247,8.11046E-06
248,9.995629E-06
249,8.917528E-06
250,7.215895E-06
251,7.052608E-06
252,7.757465E-06
253,1.093931E-05
254,5.610386E-06
255,0
0,0.0002089111
1,0.0001255939
2,6.676083E-05
3,0.0005216534
4,0.0004240483
5,6.662186E-05
6,8.846633E-05
7,6.677249E-05
8,2.767203E-05
9,9.778385E-05
10,4.502435E-05
11,7.542704E-05
12,6.452623E-05
13,2.375728E-05
14,2.074661E-05
15,3.974163E-05
16,0.0001000878
17,7.93851E-05
18,9.828918E-05
19,4.619084E-05
20,3.59968E-05
21,2.176373E-05
22,3.06708E-05
23,4.713465E-05
24,1.208361E-05
25,7.919029E-05
26,1.538382E-05
27,9.438224E-05
28,0.0001142704
29,0.0001100083
30,6.792277E-05
31,0.0001474739
32,0.0002856361
33,0.0001809654
34,0.0002870139
35,0.0003191978
36,0.0001402103
37,5.329684E-05
38,7.173218E-05
39,7.261591E-05
40,0.000148213
41,7.138865E-05
42,6.147734E-05
43,5.774492E-05
44,6.941087E-05
45,8.183785E-05
46,0.000100116
47,0.0001346784
48,3.03492E-05
49,0.0001018564
50,8.391324E-05
51,0.0001389265
52,2.083435E-05
53,0.0001396104
54,2.086326E-05
55,0.0001849178
56,4.556573E-05
57,7.902232E-05
58,2.159741E-05
59,2.82837E-05
60,3.082658E-05
61,6.882929E-05
62,1.943245E-05
63,2.275166E-05
64,1.843865E-05
65,2.109707E-05
66,2.298291E-05
67,4.928361E-05
68,1.684918E-05
69,2.856027E-05
70,9.249844E-06
71,1.869353E-05
72,6.48918E-06
73,6.993264E-06
74,3.952671E-06
75,8.453569E-06
76,1.092763E-05
77,8.490553E-06
78,8.541894E-06
79,5.445964E-06
80,2.403326E-06
81,2.897695E-06
82,1.171825E-06
83,2.231253E-06
84,5.527356E-06
85,5.850281E-06
86,7.438949E-06
87,2.965414E-06
88,3.810294E-06
89,1.504378E-06
90,2.794497E-06
91,2.108165E-06
92,5.01279E-06
93,2.964566E-06
94,2.694506E-06
95,3.767252E-06
96,5.460581E-06
97,3.741667E-06
98,2.849665E-06
99,1.948173E-06
100,9.887332E-07
101,3.598047E-06
102,7.951766E-07
103,1.142383E-06
104,6.154133E-06
105,2.927948E-06
106,2.351778E-06
107,3.869406E-06
108,1.575523E-06
109,2.731082E-06
110,3.499998E-06
111,1.360619E-06
112,3.595467E-06
113,4.756378E-06
114,3.974961E-06
115,1.896623E-06
116,5.033497E-06
117,2.391653E-06
118,1.444133E-06
119,4.955523E-06
120,9.967911E-07
121,2.116609E-06
122,1.44485E-06
123,4.137823E-06
124,3.654907E-06
125,1.233799E-06
126,4.777709E-06
127,3.062314E-06
128,2.993048E-06
129,5.954308E-07
130,6.170678E-06
131,7.96498E-06
132,7.975033E-07
133,8.042347E-06
134,1.055792E-05
135,4.714419E-06
136,4.622209E-06
137,5.939803E-06
138,3.000744E-06
139,4.309284E-06
140,1.667441E-06
141,4.003482E-06
142,2.572615E-06
143,8.387475E-07
144,3.795933E-06
145,2.411235E-06
146,2.138253E-06
147,2.540924E-06
148,2.339434E-06
149,1.806007E-06
150,1.779431E-06
151,1.62367E-06
152,3.514916E-06
153,6.68135E-06
154,9.357326E-07
155,2.577801E-06
156,1.45969E-06
157,2.703962E-06
158,3.355977E-06
159,1.709946E-06
160,2.443897E-06
161,1.515911E-06
162,5.506849E-06
163,1.704273E-06
164,4.59812E-06
165,4.752875E-06
166,6.310395E-06
167,4.651851E-06
168,1.075351E-05
169,1.343157E-05
170,2.386823E-05
171,5.089485E-05
172,1.916437E-05
173,1.058378E-05
174,3.002569E-06
175,8.164841E-06
176,6.082715E-06
177,6.268987E-06
178,3.184826E-06
179,3.421919E-06
180,4.89408E-06
181,3.721326E-06
182,1.648812E-06
183,6.545947E-06
184,5.773002E-06
185,5.26617E-06
186,4.611547E-06
187,3.051919E-06
188,4.420509E-06
189,3.20813E-06
190,2.738836E-06
191,4.083004E-06
192,3.904581E-06
193,1.482216E-06
194,6.488915E-06
195,3.584557E-06
196,5.745092E-06
197,1.017722E-06
198,4.940092E-06
199,4.351538E-06
200,6.79366E-06
201,1.257777E-06
202,7.840668E-06
203,7.472989E-06
204,1.143337E-05
205,9.822643E-06
206,1.080613E-05
207,4.699756E-06
208,1.857765E-06
209,4.592277E-06
210,1.798785E-06
211,4.132093E-06
212,1.739276E-06
213,4.727311E-06
214,9.173561E-07
215,2.482176E-06
216,2.316345E-06
217,4.06976E-06
218,3.889391E-06
219,1.464424E-06
220,1.273226E-06
221,2.626225E-07
222,3.111008E-06
223,2.103037E-06
224,7.244835E-06
225,4.494786E-06
226,3.583473E-06
227,1.081594E-05
228,6.306595E-06
229,3.219951E-06
230,5.002128E-06
231,9.463787E-06
232,3.576865E-06
233,6.037996E-06
234,6.03178E-06
235,3.945014E-06
236,2.873093E-06
237,1.742772E-06
238,8.710327E-06
239,2.655395E-06
240,2.130898E-06
241,9.02555E-07
242,2.18352E-06
243,7.55025E-06
244,4.577755E-06
245,2.65515E-06
246,1.302459E-05
247,1.26945E-06
248,4.500125E-06
249,2.766605E-06
250,4.686779E-06
251,2.991813E-06
252,1.281454E-06
253,4.932299E-06
254,1.680741E-06
255,0
0,0.0001002807
1,0.0001352476
2,0.0004977165
3,8.265192E-05
4,0.0001829681
5,0.000118442
6,6.938207E-05
7,3.202541E-05
8,0.0002322857
9,7.442175E-05
10,7.715169E-05
11,0.0001179334
12,3.657619E-05
13,3.473062E-05
14,8.435552E-05
15,3.410171E-05
16,0.0001067138
17,3.780758E-05
18,5.951346E-05
19,4.872671E-05
20,2.407244E-05
21,2.795344E-05
22,1.832958E-05
23,2.740668E-05
24,5.880938E-05
25,5.751857E-05
26,5.314345E-05
27,5.966844E-05
28,0.0001235219
29,8.694956E-05
30,0.0001819757
31,0.0003732165
32,0.0001681711
33,0.0002249109
34,0.0002423888
35,2.37356E-05
36,0.0001265614
37,2.309784E-05
38,8.346003E-05
39,5.667196E-05
40,6.78201E-05
41,4.143474E-05
42,9.244216E-05
43,0.0001189498
44,1.884781E-05
45,7.854572E-05
46,8.873226E-05
47,0.0001147008
48,0.0001100547
49,5.970822E-05
50,0.0001628995
51,8.587475E-05
52,4.78086E-05
53,0.0001382605
54,3.190351E-05
55,9.679765E-05
56,4.626663E-05
57,9.599741E-05
58,5.427203E-05
59,5.577681E-05
60,9.662824E-05
61,5.102985E-05
62,2.229792E-05
63,5.08354E-06
64,2.050715E-05
65,7.764861E-06
66,2.902217E-05
67,2.818587E-06
68,1.216382E-05
69,2.28121E-05
70,1.264883E-05
71,1.308025E-05
72,1.601301E-05
73,8.176453E-06
74,8.977613E-06
75,1.107882E-05
76,1.193828E-05
77,2.420202E-06
78,9.791836E-06
79,8.472937E-06
80,5.944303E-06
81,1.367862E-06
82,1.568842E-06
83,4.447737E-06
84,1.01069E-06
85,9.112169E-06
86,2.465984E-06
87,5.80832E-06
88,2.412325E-06
89,8.18714E-06
90,7.692128E-06
91,7.400062E-06
92,6.935192E-06
93,3.672564E-06
94,2.21932E-06
95,5.807687E-06
96,4.499646E-06
97,4.419519E-06
98,8.785204E-06
99,5.677444E-06
100,6.932401E-06
101,4.953274E-06
102,6.673327E-06
103,6.922023E-06
104,4.322067E-06
105,3.172314E-06
106,3.092337E-06
107,5.234617E-06
108,2.3428E-06
109,1.662773E-06
110,4.559361E-06
111,4.011248E-06
112,4.250923E-06
113,1.409453E-06
114,1.9544E-06
115,3.959544E-06
116,3.844783E-06
117,3.065743E-06
118,5.89609E-06
119,7.806198E-06
120,1.313515E-06
121,8.575985E-06
122,2.756002E-06
123,6.616329E-06
124,2.822699E-06
125,3.168293E-06
126,5.141249E-07
127,1.842711E-06
128,4.438096E-06
129,3.891912E-06
130,9.529235E-06
131,1.203573E-06
132,1.077004E-05
133,8.125823E-06
134,5.190831E-06
135,5.224663E-06
136,3.847155E-06
137,9.74354E-06
138,4.682649E-06
139,4.931976E-06
140,3.264271E-06
141,2.960911E-06
142,4.697909E-06
143,4.560869E-06
144,2.744084E-06
145,4.426633E-06
146,2.662194E-06
147,1.130433E-06
148,4.391919E-07
149,3.106431E-06
150,4.999536E-07
151,4.33324E-06
152,3.308556E-06
153,5.666604E-06
154,3.166395E-06
155,5.829468E-06
156,2.153841E-06
157,2.908252E-06
158,4.365835E-06
159,2.060427E-06
160,5.721531E-06
161,1.683031E-06
162,6.148276E-06
163,3.356022E-06
164,7.843511E-06
165,4.570648E-06
166,6.933978E-06
167,5.488421E-06
168,9.012895E-06
169,1.805795E-05
170,2.421988E-05
171,4.60326E-05
172,1.806178E-05
173,7.842172E-06
174,5.289894E-06
175,3.012808E-06
176,3.595098E-06
177,4.367149E-06
178,3.841706E-06
179,6.509818E-06
180,4.366255E-06
181,2.080874E-06
182,5.005692E-06
183,3.430483E-06
184,4.010295E-06
185,7.894032E-06
186,3.843095E-06
187,3.163816E-06
188,2.579534E-06
189,3.184556E-06
190,4.338076E-06
191,4.726549E-06
192,1.423311E-06
193,3.728936E-06
194,3.921247E-06
195,2.798337E-06
196,2.383265E-06
197,2.023604E-06
198,4.596804E-06
199,2.864442E-06
200,7.163457E-06
201,2.980734E-06
202,1.131759E-05
203,6.752014E-06
204,1.068353E-05
205,9.157976E-06
206,4.136414E-06
207,4.359781E-06
208,1.048668E-05
209,1.296437E-06
210,2.674377E-06
211,2.483632E-06
212,4.26616E-06
213,4.263436E-06
214,6.815698E-06
215,7.321074E-06
216,3.89224E-06
217,2.26726E-06
218,4.111647E-06
219,2.437345E-06
220,4.489324E-06
221,5.328886E-06
222,5.537433E-06
223,2.579793E-06
224,9.489236E-06
225,5.813977E-06
226,3.98114E-06
227,6.656689E-06
228,8.563277E-06
229,2.86822E-06
230,5.441946E-06
231,9.771494E-06
232,4.845564E-06
233,5.13432E-06
234,5.436348E-06
235,2.179889E-06
236,3.240792E-06
237,3.530209E-06
238,3.862086E-06
239,2.208829E-06
240,1.357369E-06
241,4.204006E-06
242,1.685814E-06
243,3.013758E-06
244,5.330892E-06
245,2.839774E-06
246,1.602441E-06
247,6.82851E-06
248,8.551006E-06
249,5.106953E-06
250,5.089128E-06
251,4.818247E-06
252,2.570983E-06
253,9.84537E-07
254,1.212171E-06
255,0
0,0.0001498554
1,6.460314E-05
2,0.0003221432
3,0.0001497545
4,0.0002250134
5,1.788235E-05
6,1.214101E-05
7,7.12379E-05
8,5.119065E-05
9,0.0001323838
10,4.744767E-05
11,6.339327E-05
12,3.013742E-05
13,9.026712E-05
14,5.955422E-05
15,1.991854E-05
16,6.679323E-05
17,5.388752E-05
18,3.325449E-05
19,4.707219E-05
20,4.560292E-05
21,3.364645E-05
22,5.206532E-05
23,3.200273E-05
24,4.23879E-05
25,0.0001276809
26,2.116672E-05
27,8.492418E-05
28,0.0001261629
29,0.0002069858
30,0.0001465602
31,0.0001331212
32,0.0003047667
33,1.190221E-05
34,0.0002856307
35,0.0001036883
36,0.0002322564
37,4.944128E-05
38,6.616522E-05
39,8.284394E-05
40,0.0001907366
41,2.861952E-05
42,3.084752E-05
43,6.587532E-05
44,5.064901E-05
45,8.614032E-05
46,6.111566E-05
47,0.0001900042
48,8.901572E-05
49,0.0001326824
50,0.0001294917
51,0.0001168283
52,9.462691E-05
53,0.0001882824
54,0.0001345869
55,9.09804E-05
56,0.0001495873
57,6.332753E-05
58,6.602168E-05
59,5.070237E-05
60,8.048152E-05
61,7.546711E-05
62,4.863623E-05
63,7.562512E-05
64,2.239447E-05
65,3.746034E-05
66,8.970174E-06
67,3.633787E-05
68,1.204307E-05
69,1.104545E-05
70,2.467008E-05
71,2.687356E-05
72,2.501217E-05
73,7.535995E-06
74,6.912955E-06
75,7.183721E-06
76,1.142148E-06
77,8.687212E-06
78,4.287085E-06
79,6.000882E-06
80,5.814179E-06
81,6.110894E-06
82,3.231093E-06
83,4.000501E-06
84,9.507583E-06
85,9.641589E-06
86,1.053447E-05
87,7.302938E-06
88,5.493513E-06
89,5.493318E-06
90,2.130741E-06
91,6.015523E-07
92,3.946636E-06
93,3.869103E-06
94,4.217673E-06
95,4.740878E-06
96,4.020071E-06
97,7.127662E-06
98,4.69779E-06
99,3.723366E-06
100,3.396609E-06
101,3.610441E-06
102,2.435356E-06
103,5.398754E-06
104,9.231666E-07
105,2.014627E-06
106,3.519196E-06
107,1.808322E-06
108,3.943681E-06
109,6.210849E-06
110,1.385779E-06
111,3.992282E-06
112,1.215952E-06
113,2.521069E-06
114,2.951355E-06
115,3.22676E-06
116,2.55549E-06
117,7.07386E-06
118,4.411592E-06
119,3.418316E-06
120,4.163627E-06
121,3.759684E-06
122,4.328631E-07
123,2.929992E-06
124,3.327955E-06
125,3.679935E-06
126,8.759807E-07
127,7.310812E-06
128,4.173594E-06
129,6.723412E-06
130,1.164552E-06
131,9.617716E-06
132,4.505251E-06
133,5.916099E-06
134,5.766064E-06
135,1.167173E-05
136,4.129663E-06
137,7.20163E-06
138,4.828673E-06
139,3.045179E-06
140,4.630553E-06
141,7.263436E-07
142,4.894799E-06
143,2.675758E-06
144,1.815479E-06
145,2.751364E-06
146,1.628521E-06
147,3.664328E-06
148,3.645407E-06
149,1.989122E-06
150,3.352881E-06
151,4.17106E-06
152,1.606426E-06
153,1.52679E-06
154,3.19197E-06
155,2.56872E-06
156,2.348069E-06
157,2.424515E-06
158,4.651918E-06
159,1.96202E-06
160,3.102936E-06
161,2.036088E-06
162,4.594856E-06
163,6.46199E-06
164,6.509444E-06
165,1.658011E-06
166,4.297451E-06
167,9.420557E-06
168,4.479085E-06
169,1.421911E-05
170,2.756583E-05
171,4.845795E-05
172,1.181707E-05
173,2.079333E-06
174,5.567417E-06
175,2.96121E-06
176,3.014612E-06
177,2.433427E-06
178,6.387249E-06
179,1.250117E-06
180,5.650584E-06
181,2.571578E-06
182,3.350986E-06
183,8.435162E-07
184,5.401763E-06
185,3.730723E-06
186,2.244157E-06
187,7.466271E-07
188,1.941862E-06
189,1.327291E-06
190,3.406009E-06
191,5.857553E-06
192,4.782734E-07
193,3.998844E-06
194,3.213876E-06
195,6.869428E-07
196,4.444597E-06
197,6.742481E-06
198,3.655683E-06
199,4.926381E-06
200,1.13455E-05
201,3.271419E-06
202,2.913759E-06
203,7.727145E-06
204,8.291439E-06
205,1.002509E-05
206,3.997528E-06
207,3.672691E-06
208,3.014988E-06
209,2.115562E-06
210,4.652813E-06
211,5.879461E-06
212,5.045919E-06
213,3.790047E-06
214,2.803181E-06
215,3.701841E-06
216,6.073256E-06
217,3.474188E-06
218,3.428044E-06
219,2.346863E-06
220,6.300598E-07
221,3.446137E-06
222,4.890077E-06
223,1.019521E-05
224,5.800246E-06
225,4.596085E-06
226,7.933619E-06
227,9.272258E-06
228,2.713996E-06
229,9.157369E-06
230,4.334966E-06
231,5.611828E-06
232,9.915992E-06
233,7.310306E-06
234,7.481278E-06
235,3.23956E-06
236,2.697944E-06
237,2.917735E-06
238,4.083402E-06
239,1.648409E-06
240,1.245612E-06
241,5.807042E-06
242,1.334464E-06
243,4.787348E-06
244,8.079154E-06
245,6.342476E-06
246,6.465251E-06
247,8.698245E-06
248,4.089624E-06
249,5.952182E-07
250,2.670926E-06
251,2.73373E-06
252,4.30431E-06
253,7.947647E-07
254,1.934274E-06
255,0
0,0.0002122798
1,6.926486E-05
2,8.561685E-05
3,0.0002467321
4,0.0001398647
5,0.0001504836
6,8.075873E-05
7,6.962568E-05
8,5.365206E-05
9,6.307253E-05
10,8.78851E-05
11,3.402749E-05
12,2.479761E-05
13,9.908581E-05
14,5.77609E-05
15,4.250444E-05
16,2.489885E-05
17,5.807368E-05
18,9.725111E-05
19,1.848175E-05
20,2.475161E-05
21,3.690387E-05
22,3.996989E-05
23,5.660943E-05
24,1.915907E-05
25,0.000105772
26,9.295934E-05
27,0.0001436122
28,0.000171513
29,1.714749E-05
30,0.0001623997
31,0.0001300636
32,0.0002142332
33,0.0001850435
34,0.0002890271
35,0.0002775347
36,0.0003206168
37,0.0001650385
38,7.397109E-05
39,0.0001111303
40,0.0001124395
41,7.463096E-05
42,3.531428E-05
43,9.132206E-05
44,9.271625E-05
45,0.0001037446
46,0.0001213944
47,0.0001689272
48,6.364683E-05
49,8.54279E-05
50,9.935626E-05
51,0.0001647657
52,0.0002065865
53,0.0001114947
54,0.0001258158
55,0.0001301913
56,8.926043E-05
57,0.000111423
58,6.384965E-05
59,2.368044E-05
60,2.757733E-05
61,3.079523E-05
62,1.661757E-05
63,9.145605E-06
64,6.190981E-05
65,3.319333E-05
66,2.641791E-05
67,2.809086E-05
68,2.802275E-05
69,1.75687E-05
70,2.268078E-05
71,3.384239E-06
72,1.696105E-05
73,1.563784E-05
74,1.504965E-05
75,5.043794E-06
76,1.142236E-05
77,7.44154E-06
78,7.999945E-06
79,3.663391E-06
80,1.774525E-06
81,2.322444E-06
82,9.184661E-06
83,6.512271E-06
84,3.516172E-06
85,3.217021E-06
86,1.601407E-06
87,2.269443E-06
88,7.703198E-06
89,5.469345E-06
90,2.624495E-06
91,6.585974E-06
92,4.582338E-06
93,3.089706E-06
94,2.956554E-06
95,5.179827E-06
96,2.071106E-06
97,3.716048E-06
98,3.602616E-06
99,1.351826E-06
100,2.209779E-06
101,2.754798E-06
102,1.940245E-06
103,2.689904E-06
104,1.360203E-06
105,9.741182E-07
106,1.430419E-06
107,2.888401E-06
108,1.931226E-06
109,1.960779E-06
110,4.177506E-06
111,2.165671E-06
112,3.14193E-06
113,3.442405E-07
114,3.173473E-06
115,6.96682E-07
116,2.421358E-06
117,2.075733E-06
118,2.811776E-06
119,2.521239E-06
120,3.993479E-06
121,5.25919E-06
122,4.024343E-06
123,3.504992E-06
124,3.119071E-06
125,2.502071E-06
126,1.265424E-06
127,3.277823E-06
128,9.14021E-07
129,8.509316E-06
130,2.252692E-06
131,7.226574E-06
132,1.348297E-05
133,3.82088E-06
134,1.737216E-05
135,5.182623E-06
136,3.181855E-06
137,1.777517E-06
138,1.370171E-06
139,7.41065E-06
140,1.998039E-06
141,4.492352E-06
142,2.853046E-06
143,1.674439E-06
144,2.08012E-06
145,3.092791E-06
146,2.107547E-06
147,9.703656E-07
148,1.749512E-06
149,3.820744E-06
150,3.89257E-06
151,1.546744E-06
152,9.226967E-06
153,2.133717E-06
154,3.263526E-06
155,3.848774E-06
156,2.075434E-06
157,6.784858E-06
158,4.166972E-06
159,1.243046E-06
160,4.528789E-06
161,1.379139E-06
162,2.632108E-06
163,1.832709E-06
164,3.04929E-06
165,5.002787E-06
166,3.178315E-06
167,1.012006E-05
168,8.370885E-06
169,1.278423E-05
170,2.128515E-05
171,4.617937E-05
172,1.829576E-05
173,6.560443E-06
174,8.487399E-06
175,2.197818E-06
176,3.193936E-06
177,1.508637E-06
178,7.136604E-06
179,6.346866E-07
180,2.650291E-06
181,1.879518E-06
182,1.666753E-06
183,2.687162E-06
184,4.039484E-06
185,2.434161E-06
186,4.361657E-06
187,2.697957E-06
188,3.730195E-06
189,2.755918E-06
190,2.664841E-06
191,2.406194E-06
192,2.661865E-06
193,2.311129E-06
194,1.979497E-06
195,3.715538E-06
196,3.006088E-06
197,3.27539E-06
198,4.864158E-06
199,4.075413E-06
200,3.897681E-06
201,4.455398E-06
202,6.032265E-06
203,3.941822E-06
204,3.967496E-06
205,4.240268E-06
206,6.580431E-06
207,1.48605E-05
208,7.287785E-06
209,6.348517E-06
210,5.566898E-06
211,3.131041E-07
212,1.821148E-06
213,2.027109E-06
214,2.960307E-06
215,2.180815E-06
216,2.914367E-06
217,1.360197E-07
218,8.726E-07
219,4.994299E-06
220,4.324764E-06
221,1.411855E-06
222,5.041783E-06
223,7.657277E-06
224,2.124237E-06
225,3.442522E-06
226,8.016234E-06
227,7.488943E-06
228,5.779083E-06
229,7.203348E-06
230,4.866775E-06
231,2.956689E-06
232,9.771119E-06
233,8.003598E-07
234,3.804063E-06
235,5.498161E-06
236,2.774602E-06
237,2.749397E-06
238,2.448932E-06
239,2.947093E-06
240,3.055795E-06
241,3.590332E-06
242,2.80154E-06
243,3.306031E-06
244,2.674768E-06
245,1.435705E-06
246,3.727787E-06
247,2.108198E-06
248,6.025305E-06
249,3.397928E-06
250,3.001923E-06
251,3.428205E-06
252,7.995533E-07
253,5.84045E-06
254,3.152702E-06
255,0
0,0.0001874645
1,6.040857E-06
2,1.444104E-05
3,0.0001296104
4,0.0001241537
5,8.17632E-05
6,4.723272E-05
7,5.134329E-05
8,1.439506E-05
9,7.715286E-05
10,0.0001036249
11,5.003935E-06
12,1.016545E-05
13,4.074235E-05
14,7.870399E-05
15,4.024723E-05
16,4.541678E-05
17,3.306111E-05
18,3.203151E-05
19,5.668994E-05
20,2.235223E-05
21,3.010571E-05
22,1.54746E-05
23,2.436569E-05
24,7.558873E-05
25,5.227968E-05
26,2.899935E-05
27,1.854469E-05
28,5.277873E-05
29,0.0001031729
30,0.0001264842
31,0.0001295295
32,4.801625E-05
33,0.0002914819
34,0.0001316925
35,3.648304E-05
36,0.0001223869
37,6.763406E-05
38,0.0001756508
39,4.865226E-05
40,6.48872E-05
41,0.000131671
42,0.000117221
43,0.0001244835
44,0.0001236271
45,5.453064E-05
46,9.045008E-05
47,5.155689E-05
48,5.425288E-05
49,0.0001117356
50,0.000165221
51,0.0002108314
52,9.041382E-05
53,0.0001319145
54,7.220331E-05
55,0.0001207935
56,8.585576E-05
57,8.641581E-05
58,0.0001674316
59,5.569746E-05
60,0.0001042609
61,1.569458E-05
62,6.952258E-05
63,3.8929E-05
64,3.221794E-05
65,2.488709E-05
66,5.516886E-05
67,2.283305E-05
68,2.463E-05
69,9.393283E-06
70,1.411841E-05
71,1.136461E-05
72,2.036234E-05
73,1.472607E-05
74,1.302549E-05
75,2.892659E-06
76,3.34381E-06
77,6.601327E-06
78,2.042506E-06
79,1.22367E-05
80,7.881577E-06
81,1.46717E-06
82,3.566148E-06
83,5.596735E-06
84,5.455547E-06
85,3.792541E-06
86,6.01952E-06
87,1.743345E-06
88,5.602773E-06
89,5.162452E-06
90,5.370884E-06
91,6.838712E-07
92,1.868779E-06
93,5.60326E-07
94,5.634019E-06
95,3.013384E-06
96,7.978549E-07
97,1.05016E-06
98,2.586123E-06
99,8.884331E-07
100,9.042811E-07
101,4.312566E-06
102,4.767286E-06
103,8.996142E-07
104,1.681313E-06
105,3.334678E-06
106,2.576798E-06
107,3.628421E-06
108,6.458942E-06
109,2.251295E-06
110,2.584376E-06
111,1.588094E-06
112,4.224699E-06
113,2.487708E-06
114,1.533379E-06
115,6.078019E-06
116,5.480254E-06
117,4.111307E-06
118,2.677423E-06
119,2.984729E-06
120,3.231368E-06
121,3.875735E-06
122,2.426185E-06
123,1.088089E-06
124,1.840977E-06
125,2.900143E-06
126,1.610077E-06
127,7.739317E-06
128,2.089987E-06
129,3.055331E-06
130,1.611399E-06
131,6.6048E-06
132,6.744222E-06
133,6.720897E-06
134,5.69237E-06
135,7.348745E-06
136,2.838857E-06
137,6.505322E-06
138,7.265576E-06
139,7.22578E-07
140,3.283646E-06
141,2.301438E-06
142,3.536082E-07
143,2.138682E-06
144,2.461712E-06
145,6.517199E-07
146,1.781322E-06
147,2.144332E-06
148,3.442962E-06
149,5.32292E-06
150,2.769891E-06
151,4.377992E-06
152,3.746747E-06
153,2.038969E-06
154,1.282122E-06
155,6.949884E-07
156,1.830165E-06
157,8.114981E-07
158,1.873221E-06
159,5.866478E-07
160,1.674995E-06
161,1.048594E-06
162,1.714831E-06
163,1.30774E-06
164,3.639747E-06
165,4.809634E-06
166,1.421431E-06
167,5.001407E-06
168,8.399894E-06
169,1.165974E-05
170,2.74006E-05
171,5.0559E-05
172,1.010845E-05
173,4.070117E-06
174,7.836559E-06
175,3.971457E-06
176,3.428831E-06
177,3.245708E-06
178,2.38205E-06
179,2.422778E-06
180,2.727728E-06
181,4.172933E-06
182,2.751646E-06
183,3.657861E-06
184,4.576926E-06
185,1.048415E-06
186,1.007005E-06
187,3.934775E-06
188,1.346598E-06
189,3.815355E-06
190,2.150865E-06
191,4.972216E-06
192,1.838229E-06
193,3.298935E-06
194,4.436869E-06
195,3.417591E-07
196,4.832283E-06
197,4.861721E-06
198,1.801271E-06
199,2.167314E-07
200,9.41328E-06
201,2.543907E-06
202,8.637952E-07
203,6.596083E-06
204,1.134913E-05
205,6.387897E-06
206,6.251951E-06
207,6.63881E-06
208,5.092415E-06
209,3.251876E-06
210,1.483074E-06
211,2.099078E-06
212,3.794762E-06
213,6.28508E-06
214,3.257867E-06
215,4.207981E-06
216,7.063201E-06
217,2.610819E-06
218,1.805496E-06
219,3.203571E-06
220,6.975833E-06
221,1.414256E-06
222,9.408587E-06
223,8.675663E-06
224,6.926379E-06
225,6.632985E-06
226,1.031435E-05
227,7.035865E-06
228,5.968197E-06
229,8.226925E-06
230,6.508353E-06
231,1.23775E-06
232,3.187455E-06
233,6.067816E-06
234,5.166073E-06
235,8.513858E-06
236,1.758883E-06
237,4.449913E-06
238,1.578704E-06
239,2.756564E-06
240,3.129461E-06
241,3.741083E-06
242,4.610039E-06
243,4.932543E-06
244,5.423689E-06
245,4.764592E-06
246,1.746344E-06
247,1.799249E-06
248,4.039554E-06
249,4.430209E-06
250,1.50243E-06
251,2.031993E-06
252,6.251786E-07
253,1.780854E-06
254,5.693905E-06
255,0
0,0.0001734867
1,5.629394E-05
2,0.0002463666
3,0.0001162007
4,5.193122E-05
5,0.000133788
6,3.721968E-05
7,4.867865E-05
8,3.381846E-05
9,5.351808E-05
10,4.371793E-05
11,0.0001515751
12,5.74593E-05
13,4.653768E-05
14,4.147583E-05
15,1.4032E-05
16,1.10512E-05
17,9.741551E-05
18,1.627479E-05
19,4.435234E-05
20,1.985295E-05
21,2.489939E-05
22,4.124374E-05
23,9.474673E-06
24,5.121735E-05
25,6.251418E-05
26,7.642845E-05
27,9.255546E-05
28,7.324007E-05
29,0.0001304778
30,0.0001341467
31,7.699459E-05
32,6.812338E-05
33,0.0001895882
34,0.0001495563
35,0.0002485704
36,0.0001804945
37,0.0001026622
38,3.106978E-05
39,8.509734E-05
40,6.95458E-05
41,0.0001109122
42,7.367903E-05
43,0.0001314488
44,0.0002279889
45,7.092764E-05
46,8.787018E-05
47,7.244716E-05
48,0.0001237914
49,0.0001014821
50,0.0001079469
51,0.0001406404
52,0.0001201706
53,0.0001596368
54,2.721877E-05
55,0.0002117898
56,4.171987E-05
57,3.50206E-05
58,3.84937E-05
59,6.215903E-05
60,8.111062E-05
61,3.935021E-05
62,9.974835E-05
63,5.445733E-05
64,2.129032E-05
65,2.798277E-05
66,4.324639E-05
67,1.493211E-05
68,3.664367E-05
69,9.907844E-06
70,1.097237E-05
71,3.509719E-06
72,2.430424E-05
73,2.07315E-05
74,1.726601E-05
75,1.646605E-05
76,3.336442E-06
77,1.33246E-05
78,6.348209E-06
79,8.384066E-06
80,1.135005E-05
81,8.7924E-06
82,9.739771E-06
83,9.04511E-06
84,9.929374E-06
85,1.371518E-05
86,1.726732E-05
87,1.003911E-05
88,6.270084E-06
89,1.093148E-05
90,9.228621E-06
91,1.101482E-05
92,6.700547E-06
93,1.43419E-05
94,9.639388E-06
95,7.731278E-06
96,6.284195E-06
97,1.076787E-05
98,7.715904E-06
99,7.060394E-06
100,9.245159E-06
101,8.108311E-06
102,9.312655E-06
103,9.414381E-06
104,6.032138E-06
105,5.989598E-06
106,5.819495E-06
107,8.101462E-06
108,1.010534E-05
109,1.10402E-05
110,8.794706E-06
111,4.70782E-06
112,8.470019E-06
113,1.014851E-05
114,5.644793E-06
115,5.804859E-06
116,8.711714E-06
117,6.648939E-06
118,1.112678E-05
119,7.693457E-06
120,6.560867E-06
121,1.199968E-05
122,7.020571E-06
123,1.208485E-05
124,6.95024E-06
125,1.034008E-05
126,1.07294E-05
127,9.838783E-06
128,9.704217E-06
129,8.275088E-06
130,1.08632E-05
131,5.747035E-06
132,4.744407E-06
133,7.240171E-06
134,8.676753E-06
135,5.594043E-06
136,3.429795E-06
137,5.895633E-06
138,4.589117E-06
139,6.795347E-06
140,8.21602E-06
141,3.806344E-06
142,7.693689E-06
143,5.917237E-06
144,8.040811E-06
145,9.101983E-06
146,6.123485E-06
147,6.800601E-06
148,5.446693E-06
149,7.038688E-06
150,7.56527E-06
151,4.125483E-06
152,9.408842E-06
153,4.859123E-06
154,5.389909E-06
155,5.820571E-06
156,8.155029E-06
157,5.792409E-06
158,1.100846E-05
159,5.515992E-06
160,7.694191E-06
161,8.26075E-06
162,1.00445E-05
163,7.566563E-06
164,7.166795E-06
165,8.528331E-06
166,5.999246E-06
167,1.056681E-05
168,1.007769E-05
169,1.997796E-05
170,2.703781E-05
171,4.601326E-05
172,1.291427E-05
173,1.401358E-06
174,1.943382E-06
175,2.699761E-06
176,3.85228E-06
177,6.704265E-06
178,4.798434E-06
179,2.853327E-06
180,4.138747E-06
181,6.523046E-06
182,3.215154E-06
183,2.662593E-06
184,9.181156E-07
185,6.253744E-06
186,5.732185E-06
187,7.337076E-06
188,4.478007E-06
189,7.695188E-06
190,4.734291E-06
191,2.754418E-06
192,2.934891E-06
193,5.568654E-06
194,2.370911E-06
195,6.460437E-06
196,2.70596E-06
197,4.119474E-06
198,1.184234E-05
199,3.314919E-06
200,1.211516E-05
201,1.396169E-05
202,7.793285E-06
203,8.989298E-06
204,4.945277E-06
205,6.070563E-06
206,2.60594E-06
207,5.237553E-06
208,5.600917E-06
209,2.249576E-06
210,7.275703E-06
211,6.093458E-06
212,7.563471E-06
213,6.378118E-06
214,6.1334E-06
215,4.45242E-06
216,6.298441E-06
217,1.096159E-06
218,5.936649E-06
219,2.529528E-06
220,1.128794E-06
221,5.51302E-06
222,4.907561E-07
223,1.025324E-05
224,5.689536E-06
225,6.424495E-06
226,1.056768E-05
227,2.995255E-06
228,9.0623E-06
229,6.982253E-06
230,6.569587E-06
231,1.291055E-05
232,7.403018E-06
233,4.404237E-06
234,9.746826E-06
235,5.32483E-06
236,6.920052E-06
237,6.230807E-06
238,3.335754E-06
239,2.679619E-06
240,9.177373E-07
241,4.296875E-06
242,3.040873E-06
243,3.37209E-06
244,7.696902E-06
245,7.481212E-06
246,2.585988E-06
247,3.494547E-06
248,3.295044E-06
249,2.698768E-06
250,7.834268E-06
251,3.258671E-06
252,4.915672E-06
253,4.520658E-06
254,1.064141E-06
255,0
0,0.0001581468
1,1.283223E-05
2,0.0001629873
3,0.0001886596
4,0.0002369181
5,4.683976E-05
6,9.273409E-05
7,6.28617E-06
8,7.1815E-05
9,5.198682E-05
10,8.823102E-05
11,5.872925E-05
12,7.361645E-05
13,1.393722E-05
14,9.132396E-05
15,3.836449E-05
16,7.383434E-05
17,5.377431E-05
18,9.405354E-05
19,8.127529E-06
20,2.497341E-05
21,2.106482E-05
22,2.561712E-05
23,4.503278E-05
24,6.97514E-05
25,4.032447E-05
26,6.529415E-05
27,0.0001001583
28,8.147456E-05
29,0.0001133939
30,0.000110706
31,9.879612E-05
32,0.0001698346
33,0.0003186098
34,0.0002560983
35,0.0002593768
36,4.756454E-05
37,0.0002527988
38,7.876458E-05
39,6.28558E-05
40,3.598995E-05
41,0.0001380163
42,0.0001216891
43,6.99226E-05
44,8.363695E-05
45,5.713484E-05
46,6.552002E-05
47,0.0001054851
48,0.0001682361
49,7.204776E-05
50,0.0002241551
51,7.785369E-05
52,0.0001876829
53,0.0003349071
54,0.0001591652
55,9.478204E-05
56,0.0002356859
57,6.709588E-05
58,5.514215E-05
59,5.116108E-05
60,6.596088E-05
61,0.0001219325
62,4.881221E-05
63,4.715363E-05
64,2.813924E-05
65,3.135146E-05
66,7.471895E-06
67,3.139829E-05
68,1.94625E-05
69,2.298232E-05
70,4.017065E-05
71,2.076908E-05
72,1.361467E-05
73,1.080076E-05
74,1.808182E-05
75,3.05555E-05
76,1.448203E-05
77,7.984869E-06
78,1.63771E-05
79,8.198102E-06
80,1.427006E-05
81,1.159742E-05
82,1.46367E-05
83,1.506765E-05
84,1.109797E-05
85,9.699832E-06
86,1.27534E-05
87,9.913325E-06
88,1.123912E-05
89,8.012043E-06
90,1.018368E-05
91,1.586115E-05
92,5.67873E-06
93,1.083873E-05
94,1.152876E-05
95,8.120349E-06
96,1.20313E-05
97,1.430265E-05
98,8.191614E-06
99,1.018789E-05
100,1.163967E-05
101,6.55632E-06
102,1.002313E-05
103,1.035058E-05
104,4.867007E-06
105,1.170894E-05
106,6.504447E-06
107,7.427916E-06
108,7.884821E-06
109,9.81787E-06
110,7.380843E-06
111,7.116395E-06
112,5.912321E-06
113,3.717669E-06
114,9.553473E-06
115,1.229739E-05
116,9.986052E-06
117,3.999288E-06
118,1.102243E-05
119,9.734436E-06
120,9.778369E-06
121,8.6457E-06
122,1.238345E-05
123,5.365071E-06
124,5.97928E-06
125,4.804333E-06
126,8.103614E-06
127,6.880427E-06
128,2.119785E-06
129,9.85037E-06
130,3.944303E-06
131,2.893584E-06
132,4.147243E-06
133,7.079053E-06
134,9.469267E-06
135,6.009268E-06
136,8.249292E-06
137,8.665054E-06
138,9.355637E-06
139,1.018686E-05
140,2.573217E-06
141,3.0263E-06
142,5.886537E-06
143,4.156017E-06
144,6.291869E-06
145,7.364305E-06
146,6.345397E-06
147,9.037101E-06
148,2.602386E-06
149,5.799538E-06
150,5.285256E-06
151,6.496743E-06
152,6.586765E-06
153,4.82587E-06
154,6.577201E-06
155,2.735984E-06
156,4.575E-06
157,3.140419E-06
158,7.426973E-06
159,6.445096E-06
160,4.315365E-06
161,1.971755E-06
162,7.89669E-06
163,4.290464E-06
164,4.320781E-06
165,9.437329E-06
166,3.68572E-06
167,5.636077E-06
168,1.198959E-05
169,8.408922E-06
170,2.336035E-05
171,4.984866E-05
172,1.539943E-05
173,1.198144E-05
174,7.266859E-06
175,7.974994E-06
176,3.453988E-06
177,7.696507E-06
178,5.169253E-06
179,5.106037E-06
180,3.240637E-06
181,2.47769E-06
182,4.681597E-06
183,4.332115E-06
184,7.471535E-06
185,6.176413E-06
186,3.601601E-06
187,3.190709E-06
188,6.025974E-06
189,4.256272E-06
190,6.502471E-06
191,4.438301E-06
192,4.109882E-06
193,5.724988E-06
194,4.269632E-06
195,1.584516E-06
196,7.717764E-06
197,2.883235E-06
198,6.582756E-06
199,1.015589E-06
200,5.952023E-06
201,1.471391E-06
202,4.432315E-06
203,1.131654E-05
204,1.142903E-05
205,5.184447E-06
206,8.042456E-06
207,5.696907E-06
208,5.762071E-06
209,5.074166E-06
210,5.821161E-06
211,8.437099E-06
212,6.850965E-07
213,5.047232E-06
214,5.345467E-06
215,3.405125E-06
216,6.157588E-06
217,4.554039E-06
218,2.218628E-06
219,1.233157E-06
220,4.655525E-06
221,2.227543E-06
222,3.484319E-06
223,7.601594E-06
224,7.78171E-06
225,3.709683E-06
226,5.048806E-06
227,1.673448E-05
228,1.291033E-05
229,8.430212E-06
230,7.027258E-06
231,3.362831E-06
232,2.689515E-06
233,6.140206E-06
234,6.460078E-06
235,2.163337E-06
236,7.724171E-06
237,3.517019E-06
238,7.35006E-06
239,4.440771E-06
240,2.983871E-06
241,6.804598E-06
242,5.237684E-07
243,3.688459E-06
244,1.256234E-05
245,3.108487E-06
246,6.199662E-06
247,4.124882E-06
248,7.422352E-06
249,1.928656E-06
250,9.222194E-06
251,4.774006E-06
252,8.515718E-07
253,2.772349E-06
254,3.466819E-06
255,0
0,0.0002885729
1,0.0002371723
2,0.000379813
3,0.001257088
4,0.0007914101
5,0.001267335
6,0.0005333303
7,4.727346E-05
8,4.007057E-05
9,8.445171E-05
10,1.114972E-05
11,0.0001454723
12,7.093464E-05
13,0.0001061216
14,0.0002027029
15,3.282125E-05
16,5.058387E-05
17,0.0001418045
18,3.201005E-05
19,6.505405E-05
20,1.858213E-05
21,5.217407E-05
22,2.699798E-05
23,6.947526E-05
24,2.443396E-05
25,3.237698E-05
26,6.51617E-05
27,0.0001215363
28,0.0001671017
29,0.0002283124
30,6.877718E-05
31,0.0001261915
32,0.0002876339
33,0.0001316778
34,0.0002704991
35,0.0002610073
36,6.999767E-05
37,0.0002199787
38,8.050715E-05
39,8.658798E-05
40,0.0001385649
41,9.508319E-05
42,0.0001508696
43,8.411044E-05
44,3.89067E-05
45,7.220208E-05
46,7.232882E-05
47,2.261932E-05
48,7.072188E-05
49,0.0001006365
50,0.0002114941
51,0.0001791139
52,6.899517E-05
53,0.0002617989
54,0.0001176835
55,5.521762E-05
56,9.27027E-05
57,3.149531E-05
58,1.766463E-05
59,7.130711E-05
60,0.0001033773
61,5.528372E-05
62,2.601475E-05
63,7.257718E-05
64,4.364478E-06
65,3.037573E-05
66,4.583288E-05
67,5.086768E-05
68,3.55957E-05
69,2.801258E-05
70,5.199573E-06
71,2.793253E-05
72,5.067117E-06
73,1.437229E-05
74,7.373219E-06
75,2.342835E-05
76,4.664035E-06
77,6.034523E-06
78,1.134938E-05
79,1.365633E-05
80,7.577679E-06
81,1.353231E-05
82,1.164901E-05
83,5.104017E-06
84,1.416896E-05
85,8.129949E-06
86,7.44498E-06
87,1.270742E-05
88,1.078979E-05
89,1.360289E-05
90,1.02876E-05
91,9.576181E-06
92,6.543444E-06
93,1.144863E-05
94,9.052905E-06
95,1.290659E-05
96,9.533152E-06
97,1.061614E-05
98,8.668695E-06
99,9.03309E-06
100,7.818481E-06
101,6.391663E-06
102,9.123312E-06
103,6.498354E-06
104,8.672534E-06
105,6.590065E-06
106,7.813654E-06
107,1.100736E-05
108,4.869372E-06
109,6.358436E-06
110,7.180766E-06
111,5.443628E-06
112,4.98168E-06
113,1.005462E-05
114,5.412555E-06
115,6.58835E-06
116,6.022284E-06
117,5.009309E-06
118,5.78212E-06
119,2.460743E-06
120,8.117756E-06
121,8.75835E-06
122,1.243325E-05
123,6.74971E-06
124,4.968965E-06
125,6.948578E-06
126,7.31368E-06
127,5.050567E-06
128,6.140713E-06
129,8.177015E-06
130,4.733439E-06
131,4.445728E-06
132,6.363917E-06
133,6.056916E-06
134,8.361823E-06
135,2.848855E-06
136,4.202142E-06
137,1.056408E-05
138,3.850739E-06
139,5.683496E-06
140,7.36203E-06
141,4.713568E-06
142,2.245841E-06
143,3.655237E-06
144,5.613952E-06
145,8.134788E-06
146,3.045808E-06
147,4.678137E-06
148,6.981713E-06
149,5.854906E-06
150,4.416071E-06
151,3.019329E-06
152,3.901573E-06
153,3.369089E-06
154,6.294074E-06
155,3.289892E-06
156,7.216079E-06
157,6.643522E-06
158,5.983894E-06
159,5.545246E-06
160,5.193316E-06
161,5.520278E-06
162,5.257046E-06
163,4.740094E-06
164,2.318759E-06
165,5.132748E-06
166,3.674332E-06
167,4.703077E-06
168,9.380658E-06
169,9.854399E-06
170,2.118935E-05
171,5.222817E-05
172,1.942031E-05
173,1.241232E-05
174,7.000089E-06
175,6.953495E-06
176,8.078433E-06
177,7.085016E-06
178,3.326438E-06
179,8.757737E-06
180,3.75478E-06
181,2.469139E-06
182,7.081613E-06
183,6.596242E-06
184,7.292678E-06
185,7.214886E-06
186,3.559883E-06
187,6.341666E-06
188,8.274917E-06
189,6.900793E-06
190,4.77474E-06
191,4.88994E-06
192,3.474038E-06
193,4.648129E-06
194,7.972731E-06
195,3.156814E-06
196,5.352209E-06
197,6.890754E-06
198,6.318667E-06
199,4.371409E-06
200,8.631408E-06
201,6.246909E-06
202,3.641876E-06
203,9.581982E-06
204,7.096985E-06
205,8.864974E-06
206,3.937418E-06
207,8.907724E-06
208,3.230351E-06
209,7.267124E-06
210,4.909041E-06
211,5.078946E-06
212,6.873792E-06
213,4.611285E-06
214,5.519092E-06
215,6.437648E-06
216,6.633761E-06
217,3.809773E-06
218,3.170986E-06
219,2.613192E-06
220,6.640849E-06
221,1.972011E-06
222,5.677043E-06
223,5.725917E-06
224,4.937078E-06
225,7.511871E-06
226,3.754917E-06
227,5.345531E-06
228,1.094892E-05
229,7.981363E-06
230,4.852723E-06
231,5.348782E-06
232,3.193588E-06
233,3.198006E-06
234,3.067838E-06
235,5.822346E-07
236,1.726522E-06
237,7.728767E-06
238,4.811668E-06
239,3.987446E-06
240,3.860853E-06
241,2.132163E-06
242,3.102395E-06
243,4.745015E-06
244,5.96369E-06
245,2.021329E-06
246,8.902197E-06
247,5.016421E-06
248,4.18414E-06
249,4.326401E-06
250,2.344842E-06
251,2.43065E-06
252,9.752335E-06
253,3.821135E-06
254,1.230062E-06
255,0
0,0.0002086941
1,0.0002036055
2,0.0002764511
3,0.0008875746
4,0.002446726
5,0.0007244037
6,0.0002595975
7,0.000102178
8,9.791652E-05
9,0.0001210779
10,7.039539E-05
11,5.382457E-05
12,9.664855E-05
13,9.822314E-06
14,6.948611E-05
15,5.846499E-05
16,2.777014E-05
17,7.765094E-05
18,9.137905E-05
19,5.694361E-05
20,6.508822E-06
21,9.416907E-06
22,2.017816E-05
23,3.36836E-05
24,7.250479E-05
25,2.009684E-05
26,0.0001049062
27,5.191394E-05
28,0.0001805264
29,0.0001252014
30,0.0002616618
31,0.0002401708
32,0.0002333442
33,0.0002928346
34,0.0003287237
35,0.000323859
36,0.000292159
37,0.0001095161
38,5.511379E-05
39,6.665429E-05
40,0.0001540742
41,7.297217E-05
42,9.382157E-05
43,3.564522E-05
44,0.0001223703
45,7.157088E-05
46,0.0001269848
47,0.0001055714
48,5.291755E-05
49,4.731782E-05
50,0.0002261371
51,0.0001550926
52,4.754428E-05
53,0.0002632391
54,6.007423E-05
55,0.0001808494
56,9.096474E-05
57,5.749851E-05
58,0.0001360747
59,5.580711E-05
60,1.773203E-05
61,6.763727E-05
62,0.0001013064
63,1.215355E-05
64,3.970039E-05
65,2.332376E-05
66,2.774973E-05
67,2.144167E-05
68,2.272753E-05
69,2.726438E-05
70,3.772111E-05
71,1.625875E-05
72,2.146811E-05
73,1.574658E-05
74,1.169169E-05
75,1.662333E-05
76,1.555869E-05
77,1.655846E-05
78,9.661689E-06
79,9.24425E-06
80,9.528316E-06
81,1.14342E-05
82,1.107589E-05
83,8.837058E-06
84,1.253558E-05
85,9.064099E-06
86,7.11326E-06
87,5.381041E-06
88,1.120025E-05
89,1.268032E-05
90,1.097026E-05
91,4.048223E-06
92,1.035687E-05
93,7.942462E-06
94,1.358389E-05
95,1.162247E-05
96,9.002906E-06
97,6.402218E-06
98,9.145051E-06
99,6.157859E-06
100,7.278916E-06
101,7.822639E-06
102,6.855004E-06
103,9.485953E-06
104,5.653764E-06
105,7.096942E-06
106,8.201831E-06
107,7.86914E-06
108,9.610122E-06
109,6.596522E-07
110,9.273031E-06
111,7.72664E-06
112,9.830696E-06
113,9.293098E-06
114,7.379554E-06
115,6.708638E-06
116,4.064153E-06
117,3.779798E-06
118,6.256598E-06
119,1.188341E-05
120,8.623866E-06
121,7.11038E-06
122,9.329565E-06
123,5.266007E-06
124,6.733835E-06
125,6.476823E-06
126,5.464449E-06
127,4.579667E-06
128,8.338611E-06
129,5.553689E-06
130,7.291949E-06
131,4.505379E-06
132,5.268425E-06
133,7.596763E-06
134,4.248836E-06
135,3.866724E-06
136,4.615439E-06
137,6.099729E-06
138,4.805765E-06
139,6.699439E-06
140,5.190325E-06
141,7.203889E-06
142,4.19933E-06
143,3.799511E-06
144,5.755303E-06
145,5.258452E-06
146,6.849125E-06
147,5.188997E-06
148,5.108199E-06
149,4.839616E-06
150,5.060767E-06
151,5.90588E-06
152,5.029758E-06
153,8.699956E-06
154,6.107062E-06
155,8.807012E-06
156,9.782844E-07
157,6.503782E-06
158,2.04974E-06
159,2.502671E-06
160,7.117094E-06
161,4.375195E-06
162,6.024611E-06
163,3.629272E-06
164,6.953027E-06
165,6.296181E-06
166,2.90024E-06
167,4.295256E-06
168,3.436544E-06
169,5.515507E-06
170,2.268942E-05
171,5.149735E-05
172,1.386416E-05
173,1.359418E-05
174,1.275396E-05
175,3.209163E-06
176,4.51755E-06
177,6.386087E-06
178,6.244315E-06
179,8.203411E-06
180,5.57389E-06
181,5.347506E-06
182,5.617906E-06
183,2.637111E-06
184,7.68374E-06
185,8.330509E-06
186,5.488525E-06
187,6.951454E-06
188,4.657948E-06
189,6.085645E-06
190,3.820549E-06
191,6.084578E-06
192,7.682585E-06
193,3.266035E-06
194,3.005319E-06
195,6.199235E-06
196,3.414639E-06
197,5.539283E-06
198,4.665207E-06
199,4.151071E-06
200,4.855271E-06
201,6.489286E-06
202,6.709483E-06
203,6.805127E-06
204,8.808421E-06
205,4.551953E-06
206,4.237519E-06
207,3.866698E-06
208,7.22498E-06
209,6.27259E-06
210,5.487785E-06
211,2.33533E-06
212,5.371329E-06
213,5.402275E-06
214,5.051465E-06
215,3.139576E-07
216,7.177857E-06
217,4.231118E-06
218,2.250981E-06
219,6.046591E-06
220,5.117338E-06
221,1.751682E-06
222,6.814239E-06
223,4.209175E-06
224,3.607128E-06
225,6.164103E-06
226,5.721007E-06
227,3.364968E-06
228,1.694671E-06
229,7.001843E-06
230,5.880361E-06
231,2.619563E-06
232,1.065154E-05
233,7.448757E-06
234,3.825618E-06
235,5.066895E-06
236,1.063138E-06
237,7.371178E-06
238,6.062464E-06
239,7.164607E-06
240,3.686641E-06
241,3.363808E-06
242,2.56066E-06
243,1.648744E-06
244,3.572522E-06
245,2.406068E-06
246,5.666174E-06
247,2.84016E-06
248,7.301982E-06
249,5.535152E-06
250,7.391554E-06
251,4.919596E-06
252,7.883599E-06
253,6.537727E-06
254,8.602368E-06
255,0
0,0.0003084631
1,0.0001361191
2,0.0002733028
3,0.0003106831
4,0.0004528685
5,0.0005010915
6,0.0006614901
7,0.000246406
8,8.149706E-05
9,8.28967E-05
10,0.0001219237
11,0.0001020319
12,5.593707E-05
13,2.20877E-05
14,0.0001859547
15,1.029435E-05
16,8.525915E-05
17,0.0001183165
18,1.087008E-05
19,2.99199E-05
20,2.757244E-05
21,4.104189E-05
22,6.84486E-05
23,3.503108E-05
24,3.243958E-05
25,5.283868E-05
26,4.703291E-05
27,4.681761E-06
28,1.190941E-05
29,0.0001098666
30,6.086538E-05
31,0.0001481552
32,0.0003255427
33,0.0001821896
34,0.0004378089
35,0.0002973091
36,0.0001097252
37,9.959221E-05
38,0.0001788094
39,8.17003E-05
40,7.781741E-05
41,0.0001480762
42,0.0001659129
43,0.0001067046
44,0.0001086753
45,0.000134708
46,5.254245E-05
47,8.18224E-05
48,0.0001067796
49,4.608536E-05
50,8.478936E-05
51,0.0001627073
52,6.704556E-05
53,6.171365E-05
54,0.0001105156
55,9.629159E-05
56,0.0001160071
57,9.639186E-05
58,0.0001154189
59,0.0001060725
60,9.268706E-05
61,5.766647E-05
62,1.883312E-05
63,3.271836E-05
64,8.567698E-05
65,1.18773E-05
66,3.989547E-05
67,5.506317E-05
68,5.053827E-05
69,1.356531E-05
70,4.134014E-05
71,1.413327E-05
72,2.838665E-05
73,5.737133E-06
74,2.241701E-05
75,1.893436E-05
76,7.722569E-06
77,1.642933E-05
78,9.349675E-06
79,1.064879E-05
80,1.834592E-05
81,1.209243E-05
82,1.136716E-05
83,1.335043E-05
84,1.246211E-05
85,1.211791E-05
86,1.317158E-05
87,9.225197E-06
88,1.467637E-05
89,9.005E-06
90,1.468439E-05
91,9.459653E-06
92,1.275254E-05
93,3.464007E-06
94,8.659489E-06
95,7.343187E-06
96,8.681367E-06
97,9.313802E-06
98,9.581901E-06
99,1.135591E-05
100,6.601508E-06
101,7.907486E-06
102,1.298681E-05
103,7.223743E-06
104,6.471696E-06
105,6.708353E-06
106,8.737563E-06
107,5.901868E-06
108,7.481501E-06
109,5.173547E-06
110,9.356538E-06
111,9.356216E-06
112,4.250778E-06
113,8.80449E-06
114,5.431411E-06
115,6.461336E-06
116,6.112954E-06
117,3.698187E-06
118,4.259977E-06
119,8.844369E-06
120,3.663731E-06
121,6.939464E-06
122,8.48109E-06
123,8.718293E-06
124,5.790671E-06
125,9.008183E-06
126,6.480202E-06
127,1.005653E-05
128,7.531349E-06
129,4.580358E-06
130,8.359559E-06
131,1.705508E-06
132,6.255975E-06
133,5.438112E-06
134,4.368359E-06
135,4.18668E-06
136,1.063674E-05
137,7.105782E-06
138,7.300308E-06
139,6.392271E-06
140,3.290713E-06
141,7.442084E-06
142,4.298702E-06
143,6.167571E-06
144,5.436216E-06
145,3.002291E-06
146,4.767173E-06
147,2.363158E-06
148,4.809065E-06
149,6.646851E-06
150,3.991726E-06
151,7.885828E-07
152,2.47522E-06
153,1.320076E-05
154,9.869923E-06
155,3.558126E-06
156,6.073076E-06
157,9.516557E-06
158,6.115726E-06
159,6.313876E-06
160,7.128387E-06
161,7.502059E-06
162,9.872056E-06
163,9.009894E-06
164,3.954631E-06
165,6.154943E-06
166,1.005269E-05
167,1.073852E-05
168,7.722065E-06
169,1.671877E-05
170,2.708964E-05
171,4.609803E-05
172,1.236053E-05
173,7.310327E-06
174,4.330073E-06
175,2.837774E-06
176,5.566895E-06
177,7.885239E-07
178,4.462004E-06
179,1.665057E-06
180,1.607136E-06
181,1.367803E-06
182,3.518317E-06
183,2.022646E-06
184,6.312591E-06
185,3.812872E-06
186,6.508586E-07
187,3.434855E-06
188,2.087954E-06
189,4.018128E-06
190,5.512042E-06
191,3.049392E-06
192,7.138968E-06
193,6.268908E-06
194,4.407056E-07
195,7.242502E-06
196,5.65032E-06
197,4.39773E-06
198,7.95597E-06
199,2.399588E-06
200,6.075262E-06
201,2.59081E-06
202,1.075764E-05
203,7.854488E-06
204,1.093E-06
205,9.728288E-06
206,3.707908E-06
207,2.451199E-06
208,4.142493E-06
209,4.240561E-07
210,3.713755E-06
211,2.054005E-06
212,5.390423E-06
213,5.357542E-06
214,6.466147E-06
215,2.065146E-06
216,3.589115E-06
217,3.943745E-06
218,6.338321E-06
219,6.840634E-06
220,3.014046E-06
221,3.522226E-06
222,7.190032E-06
223,4.987809E-06
224,5.480992E-06
225,6.168803E-06
226,1.512095E-06
227,1.116241E-05
228,9.146735E-06
229,4.220637E-06
230,7.807997E-06
231,2.604904E-06
232,1.42466E-06
233,3.910359E-06
234,6.554699E-06
235,1.800593E-06
236,9.409241E-06
237,4.578628E-06
238,4.040915E-06
239,2.717858E-06
240,6.56527E-07
241,4.421127E-06
242,1.863525E-06
243,3.469147E-06
244,4.78749E-06
245,3.167079E-06
246,5.175561E-06
247,3.664555E-06
248,4.760241E-06
249,5.776567E-06
250,3.192771E-06
251,4.203098E-06
252,3.952071E-06
253,7.858813E-06
254,6.453321E-06
255,0
0,0.0002016631
1,5.94713E-05
2,0.0006413835
3,0.0002546186
4,0.0001000318
5,8.941021E-05
6,0.0002400346
7,3.864913E-05
8,0.0001254364
9,4.396592E-05
10,0.0001498038
11,0.0001052995
12,1.422936E-05
13,2.682752E-05
14,3.688508E-05
15,7.113595E-05
16,2.96328E-05
17,5.626268E-05
18,0.0001077444
19,3.866403E-05
20,4.763089E-05
21,5.80602E-05
22,2.575934E-05
23,4.884956E-05
24,8.774972E-05
25,5.849496E-05
26,6.311497E-05
27,9.565096E-05
28,1.575144E-05
29,0.0002048369
30,0.0001457616
31,0.0002434324
32,0.0001152518
33,7.816331E-05
34,0.000371189
35,9.261441E-05
36,7.254566E-05
37,0.0001512722
38,0.0001256832
39,9.383481E-05
40,0.000129401
41,0.0001692105
42,0.0001189371
43,0.0001939974
44,0.000146166
45,5.291029E-05
46,8.537379E-05
47,0.0001178407
48,6.430977E-05
49,0.0001329654
50,0.0001751449
51,0.0002473999
52,5.203392E-05
53,0.0002042869
54,0.0002659657
55,6.990867E-05
56,0.0001465097
57,0.0001073716
58,5.755872E-05
59,0.0001106327
60,4.774796E-05
61,8.916579E-06
62,6.367046E-05
63,3.707754E-05
64,9.074363E-05
65,2.489606E-05
66,3.908674E-06
67,3.051388E-05
68,3.141814E-05
69,6.116898E-06
70,1.063356E-05
71,2.608105E-05
72,1.208376E-05
73,1.247299E-05
74,8.631115E-06
75,8.067072E-06
76,1.392488E-05
77,8.363443E-06
78,5.090504E-06
79,1.657945E-05
80,3.766465E-06
81,6.57786E-06
82,5.321461E-06
83,3.068176E-06
84,6.461535E-06
85,5.26775E-06
86,3.411762E-06
87,4.788737E-06
88,8.588671E-06
89,6.091696E-06
90,1.041956E-06
91,3.582965E-06
92,4.706446E-06
93,4.653553E-06
94,6.229168E-07
95,3.106282E-06
96,6.194497E-06
97,4.966803E-06
98,3.734278E-06
99,2.047961E-06
100,1.747586E-06
101,2.097728E-06
102,3.114874E-06
103,4.59915E-06
104,3.806816E-06
105,3.492617E-06
106,5.15291E-07
107,2.741825E-06
108,1.729836E-06
109,1.722367E-06
110,8.013114E-06
111,6.624231E-06
112,3.963039E-06
113,6.540292E-06
114,6.325674E-06
115,3.339305E-06
116,5.784187E-07
117,4.958449E-06
118,2.517141E-06
119,4.020431E-06
120,4.976459E-07
121,4.571146E-06
122,4.910894E-06
123,4.082621E-06
124,2.733779E-06
125,6.357617E-06
126,4.770391E-06
127,7.83755E-06
128,2.192784E-06
129,5.931968E-06
130,4.506259E-06
131,7.3624E-06
132,6.860518E-06
133,2.257278E-06
134,1.008934E-06
135,3.38735E-06
136,5.043239E-06
137,6.769299E-06
138,7.251372E-07
139,3.862961E-06
140,3.780492E-06
141,3.722325E-06
142,2.691172E-06
143,1.422889E-06
144,2.404295E-06
145,2.01584E-07
146,4.264024E-06
147,1.413431E-06
148,6.360714E-07
149,5.189157E-06
150,2.541625E-06
151,1.402649E-06
152,2.848894E-06
153,2.282178E-06
154,2.166702E-06
155,3.211695E-06
156,1.203521E-06
157,9.901116E-07
158,1.587596E-06
159,3.140501E-06
160,5.816049E-07
161,2.004483E-06
162,1.88473E-06
163,3.070785E-06
164,1.249291E-06
165,4.624878E-06
166,4.164924E-06
167,6.611765E-06
168,8.249218E-06
169,1.241147E-05
170,2.915251E-05
171,5.396556E-05
172,1.169757E-05
173,1.522842E-05
174,5.985862E-06
175,5.254054E-06
176,4.088938E-06
177,3.925185E-06
178,4.176337E-06
179,5.399285E-06
180,5.424304E-06
181,3.582705E-06
182,8.1525E-06
183,1.699779E-06
184,2.492897E-06
185,1.313866E-06
186,3.551486E-06
187,9.335211E-07
188,1.907835E-06
189,2.116896E-06
190,2.831199E-06
191,8.04749E-07
192,3.837287E-06
193,2.770526E-06
194,2.696973E-06
195,2.513906E-06
196,5.197059E-06
197,6.669334E-06
198,8.538491E-06
199,2.121829E-06
200,5.419856E-06
201,7.119031E-06
202,4.355155E-06
203,1.415014E-06
204,5.90926E-06
205,6.716713E-06
206,4.147775E-06
207,2.128315E-06
208,7.656398E-06
209,4.301024E-06
210,4.444073E-06
211,2.332644E-06
212,4.73929E-06
213,3.604348E-06
214,6.578927E-06
215,3.907342E-06
216,3.730192E-06
217,2.53501E-06
218,4.027871E-06
219,3.813477E-06
220,8.974612E-07
221,1.663702E-06
222,2.729129E-06
223,1.637018E-06
224,3.570095E-06
225,4.187929E-06
226,5.969103E-06
227,5.182191E-06
228,1.004488E-05
229,2.98923E-06
230,5.032447E-06
231,2.381365E-06
232,9.090571E-06
233,9.884101E-06
234,1.384482E-06
235,4.055338E-06
236,4.280932E-06
237,2.990576E-06
238,2.592729E-06
239,2.473982E-06
240,5.239838E-06
241,2.776449E-06
242,1.247983E-06
243,1.520311E-06
244,5.527849E-06
245,8.007933E-07
246,6.268377E-06
247,1.616668E-06
248,5.575435E-06
249,4.812357E-06
250,8.660703E-07
251,3.608575E-06
252,3.212549E-06
253,3.047009E-06
254,1.725347E-06
255,0
0,0.0002346896
1,6.219838E-05
2,0.0001488352
3,0.0001988323
4,0.0001833978
5,5.888063E-05
6,6.484253E-05
7,4.774967E-05
8,8.038891E-05
9,4.327243E-05
10,6.44599E-05
11,8.098935E-05
12,4.083715E-05
13,4.854798E-05
14,5.306724E-05
15,6.340656E-05
16,4.052157E-05
17,3.004355E-05
18,9.665095E-05
19,4.881329E-05
20,4.763897E-05
21,2.157579E-05
22,2.866759E-05
23,8.906316E-06
24,8.820285E-06
25,0.0001239655
26,3.205966E-05
27,1.342324E-05
28,0.0001608226
29,0.0001978916
30,0.0001465861
31,0.0001460064
32,6.065286E-05
33,0.00026253
34,0.0005367977
35,0.0001268225
36,0.0001977554
37,0.0002874764
38,0.0002105537
39,9.841347E-05
40,9.156066E-05
41,5.333221E-05
42,3.0856E-05
43,0.0001156568
44,0.0002385579
45,0.0001395011
46,0.0001057734
47,7.274599E-05
48,7.863718E-05
49,0.000137522
50,0.0001125789
51,0.0002034901
52,0.0001291643
53,2.940546E-05
54,0.0002129441
55,3.461011E-05
56,6.02171E-05
57,0.000138405
58,0.0001058347
59,8.117077E-05
60,0.0001854494
61,7.189243E-05
62,0.0001106995
63,6.910446E-05
64,5.880562E-05
65,7.805251E-05
66,3.039274E-05
67,3.608935E-05
68,3.496468E-05
69,2.488587E-05
70,2.436665E-05
71,6.345285E-06
72,2.508791E-05
73,1.68547E-05
74,2.029811E-05
75,9.277932E-06
76,1.553413E-05
77,1.920709E-05
78,1.382248E-05
79,1.272475E-05
80,1.463395E-05
81,1.66403E-05
82,7.620117E-06
83,6.034311E-06
84,1.141482E-05
85,7.644434E-06
86,8.625353E-06
87,8.444267E-06
88,8.369311E-06
89,3.62842E-06
90,1.17384E-05
91,5.234176E-06
92,9.127562E-06
93,9.864679E-06
94,8.125628E-06
95,6.272657E-06
96,8.236433E-06
97,7.437812E-06
98,8.923388E-06
99,3.424987E-06
100,5.461512E-06
101,1.041265E-05
102,2.572534E-06
103,5.903857E-06
104,6.25698E-06
105,5.210783E-06
106,6.654519E-06
107,9.067407E-06
108,3.504269E-06
109,6.678775E-06
110,5.991601E-06
111,6.995512E-06
112,4.088332E-06
113,2.701326E-06
114,1.124659E-05
115,9.35308E-06
116,5.813023E-06
117,2.840478E-06
118,3.828875E-06
119,5.323687E-06
120,8.000592E-06
121,3.370229E-06
122,9.366675E-06
123,7.071467E-06
124,1.160204E-05
125,5.336963E-06
126,5.540207E-06
127,6.041719E-06
128,9.799223E-06
129,5.626075E-06
130,2.95054E-06
131,3.684316E-06
132,1.103066E-05
133,1.531515E-05
134,7.047212E-06
135,4.587848E-06
136,4.009047E-06
137,9.797312E-06
138,1.007413E-05
139,9.089482E-06
140,4.761136E-06
141,6.925884E-06
142,4.264815E-06
143,4.038566E-06
144,6.00525E-06
145,4.965049E-06
146,3.607749E-06
147,5.096083E-06
148,7.090463E-06
149,3.89901E-06
150,5.719469E-06
151,5.14242E-06
152,5.682655E-06
153,8.376219E-06
154,4.225663E-06
155,4.67286E-06
156,7.488747E-06
157,8.185053E-06
158,2.997872E-06
159,5.230252E-06
160,4.636501E-06
161,5.840986E-06
162,6.433592E-06
163,5.957925E-06
164,7.94903E-06
165,6.794048E-06
166,6.703996E-06
167,4.623044E-06
168,1.259952E-05
169,1.133717E-05
170,3.048925E-05
171,4.997698E-05
172,4.218632E-06
173,5.294103E-06
174,5.517848E-06
175,1.44187E-06
176,6.64062E-06
177,5.216193E-06
178,3.019649E-06
179,2.559462E-06
180,1.639115E-06
181,1.167377E-06
182,5.086587E-06
183,2.887532E-06
184,3.179873E-06
185,5.613452E-06
186,4.751541E-06
187,2.848924E-06
188,2.384379E-06
189,4.228822E-06
190,7.268022E-06
191,1.454702E-06
192,5.64518E-06
193,4.619541E-06
194,2.179425E-06
195,2.656519E-06
196,5.938565E-06
197,3.988526E-06
198,4.48578E-06
199,5.990355E-06
200,1.414944E-05
201,6.915191E-06
202,6.404997E-06
203,8.737377E-06
204,1.483306E-05
205,9.09413E-06
206,4.240178E-06
207,7.519425E-06
208,7.022983E-06
209,4.908572E-06
210,4.202843E-06
211,1.501238E-06
212,3.220139E-06
213,5.036715E-07
214,2.914781E-06
215,3.417215E-06
216,8.362228E-06
217,5.257623E-06
218,4.66865E-06
219,3.613082E-06
220,3.555638E-06
221,1.717847E-06
222,2.215977E-06
223,6.160934E-06
224,2.158701E-06
225,8.139703E-06
226,8.117096E-06
227,7.377241E-06
228,1.212967E-05
229,3.834181E-06
230,1.110577E-05
231,8.299365E-06
232,8.749256E-06
233,2.57062E-06
234,5.915615E-06
235,4.995355E-06
236,5.364131E-06
237,5.309862E-07
238,4.668769E-06
239,4.211549E-06
240,7.33773E-06
241,3.127921E-06
242,5.194013E-07
243,4.992384E-06
244,4.311836E-06
245,2.644505E-06
246,2.961417E-06
247,9.019746E-06
248,5.721588E-06
249,9.500639E-06
250,2.858403E-06
251,3.623015E-06
252,3.517457E-06
253,6.374026E-06
254,4.005567E-06
255,0
0,0.0002607817
1,0.0001650921
2,0.0003236289
3,8.571237E-05
4,0.0002140022
5,0.000211589
6,6.798808E-05
7,3.107989E-05
8,6.755011E-05
9,5.301711E-05
10,0.000107022
11,2.489354E-05
12,6.819663E-05
13,7.739171E-05
14,6.853693E-05
15,9.998275E-05
16,8.235937E-05
17,6.019198E-05
18,5.113369E-05
19,3.688657E-05
20,7.039907E-05
21,2.6438E-05
22,6.099337E-05
23,2.526486E-05
24,3.751607E-05
25,5.422375E-05
26,2.871368E-05
27,0.0001304603
28,0.0001121032
29,0.000118542
30,0.0002611187
31,0.0002211114
32,5.453702E-05
33,0.0001671323
34,0.0002813603
35,0.00014495
36,0.0001313897
37,0.0003509122
38,0.0003178101
39,0.0001335765
40,0.0001535565
41,0.0001240701
42,0.000126592
43,0.0001148621
44,0.0001981263
45,3.140727E-05
46,0.0002540917
47,0.0001928865
48,3.403502E-05
49,4.960176E-05
50,0.0002410671
51,0.0001528113
52,0.0002143523
53,0.0002438212
54,0.0001050777
55,0.0001458294
56,8.162762E-05
57,6.737103E-05
58,7.103877E-05
59,0.0001269083
60,3.30886E-05
61,4.76133E-05
62,3.939693E-06
63,4.526433E-05
64,1.967514E-05
65,4.212697E-05
66,2.507874E-05
67,6.992919E-06
68,8.591818E-05
69,2.908668E-05
70,2.351913E-05
71,2.106717E-05
72,9.402524E-06
73,5.164629E-06
74,1.160041E-05
75,1.105663E-05
76,2.515886E-05
77,7.424224E-06
78,6.099139E-06
79,2.786868E-06
80,3.835657E-06
81,4.426916E-06
82,7.364196E-06
83,2.122652E-06
84,6.531298E-06
85,6.800908E-06
86,3.066741E-06
87,2.422017E-06
88,3.289695E-06
89,1.038142E-06
90,1.245969E-06
91,2.310513E-06
92,1.454462E-06
93,6.244755E-06
94,5.895547E-06
95,1.841269E-06
96,5.061926E-06
97,3.592601E-06
98,5.527034E-06
99,2.975147E-06
100,3.53217E-06
101,1.474617E-06
102,3.058497E-06
103,4.523019E-06
104,2.996436E-06
105,4.953581E-06
106,3.76048E-06
107,2.097344E-06
108,6.070569E-07
109,1.849635E-06
110,2.37801E-06
111,3.144642E-06
112,7.212658E-07
113,2.234429E-06
114,3.103897E-06
115,7.187385E-07
116,1.694894E-06
117,4.99451E-06
118,3.212193E-06
119,8.196225E-06
120,8.89198E-07
121,1.630142E-06
122,4.320133E-06
123,2.398337E-06
124,1.372079E-06
125,2.794806E-06
126,4.24724E-06
127,3.616566E-06
128,2.238294E-06
129,2.342272E-06
130,4.321417E-06
131,6.302828E-06
132,7.063349E-06
133,6.232836E-06
134,9.357996E-06
135,3.442987E-06
136,1.748797E-06
137,1.072171E-05
138,6.787783E-06
139,6.459316E-06
140,3.448095E-06
141,4.435849E-06
142,1.278116E-06
143,2.223306E-06
144,2.176051E-06
145,2.79357E-06
146,3.580074E-06
147,1.423311E-06
148,1.895286E-06
149,2.460309E-06
150,4.802961E-06
151,9.741424E-07
152,4.213521E-06
153,6.592621E-06
154,3.002237E-06
155,2.247114E-06
156,4.054799E-06
157,4.753139E-06
158,1.012488E-06
159,1.896494E-06
160,1.553029E-06
161,1.64885E-06
162,2.317858E-06
163,6.400671E-06
164,2.483813E-06
165,3.30919E-06
166,3.443016E-06
167,6.819294E-06
168,4.145794E-06
169,9.311808E-06
170,2.298372E-05
171,4.895819E-05
172,1.061019E-05
173,8.81665E-06
174,4.455356E-06
175,6.375655E-06
176,4.662339E-06
177,1.217642E-06
178,5.523796E-06
179,8.10659E-07
180,5.753509E-06
181,3.26173E-06
182,5.809644E-06
183,4.87652E-06
184,2.990083E-06
185,2.131955E-06
186,9.364595E-07
187,6.736832E-07
188,3.454506E-06
189,7.175661E-07
190,2.706536E-06
191,9.341167E-07
192,3.382396E-06
193,2.591719E-06
194,5.042316E-06
195,1.524136E-06
196,4.6474E-06
197,4.317211E-06
198,5.62605E-06
199,2.045434E-06
200,7.402804E-06
201,7.253033E-06
202,4.812141E-06
203,7.66718E-06
204,4.48051E-06
205,7.121494E-06
206,3.524931E-06
207,6.772547E-06
208,2.087522E-06
209,6.088439E-06
210,6.191864E-07
211,2.029749E-06
212,3.122494E-06
213,2.39349E-06
214,2.833258E-06
215,2.636606E-06
216,1.142674E-06
217,3.193647E-06
218,1.667359E-06
219,1.288712E-06
220,3.34052E-06
221,2.040028E-06
222,5.767674E-06
223,5.405164E-07
224,1.107784E-05
225,1.871205E-06
226,6.703692E-06
227,3.881397E-07
228,2.240085E-07
229,4.246242E-06
230,2.259556E-06
231,4.122421E-06
232,5.052226E-06
233,1.991976E-06
234,3.091625E-06
235,5.539691E-06
236,4.751577E-06
237,4.222558E-06
238,2.101233E-06
239,8.008204E-07
240,4.097637E-06
241,4.424277E-06
242,4.956773E-06
243,8.147621E-06
244,4.559264E-06
245,1.789696E-06
246,4.035237E-06
247,6.007692E-06
248,2.597894E-06
249,1.06323E-06
250,4.969205E-06
251,4.170186E-07
252,1.605164E-06
253,8.269265E-07
254,1.795084E-06
255,0
0,0.0002091247
1,8.873829E-05
2,0.000213466
3,0.0001326748
4,0.0002304953
5,3.885165E-05
6,0.0001044091
7,3.971439E-05
8,0.0001426981
9,5.154577E-05
10,0.0001502122
11,1.986675E-05
12,3.185132E-05
13,7.088165E-05
14,7.033857E-05
15,0.0001358992
16,5.805213E-05
17,6.018078E-05
18,0.0001059509
19,7.392355E-05
20,1.159301E-05
21,4.056887E-05
22,8.339882E-06
23,3.766998E-05
24,7.231478E-05
25,4.771251E-05
26,2.279183E-05
27,0.0001483115
28,8.176106E-05
29,0.0001210607
30,0.0001017369
31,6.28596E-05
32,4.658722E-05
33,0.0001107995
34,0.0003845278
35,0.0001894469
36,0.0002143622
37,8.106836E-05
38,0.0001245437
39,0.0001173696
40,0.0001124179
41,3.005755E-05
42,1.979965E-05
43,0.0001203478
44,8.184375E-05
45,1.409259E-05
46,0.0001784655
47,7.292009E-05
48,6.682856E-05
49,0.0001249221
50,5.593398E-05
51,0.0002023772
52,6.430066E-05
53,0.0001613673
54,8.525372E-05
55,8.779331E-05
56,0.0001611842
57,2.60161E-05
58,7.665198E-05
59,0.000100396
60,9.242525E-05
61,5.13114E-05
62,2.820031E-05
63,5.319908E-05
64,2.890387E-05
65,3.258431E-05
66,2.211415E-05
67,1.436724E-05
68,5.385421E-05
69,5.034449E-05
70,1.092131E-05
71,2.265392E-05
72,3.602093E-05
73,1.702702E-05
74,9.194495E-06
75,3.529232E-05
76,1.58633E-05
77,3.241492E-05
78,1.312853E-05
79,1.387268E-05
80,9.511565E-06
81,1.580227E-05
82,1.209259E-05
83,1.132643E-05
84,9.192354E-06
85,1.507052E-05
86,1.077585E-05
87,1.847831E-05
88,1.032108E-05
89,9.804821E-06
90,1.15205E-05
91,1.056187E-05
92,1.578907E-05
93,1.039442E-05
94,7.108037E-06
95,1.125213E-05
96,1.127805E-05
97,1.016073E-05
98,1.168003E-05
99,1.129309E-05
100,8.441498E-06
101,7.843684E-06
102,1.344127E-05
103,7.834975E-06
104,8.128173E-06
105,7.022192E-06
106,4.405255E-06
107,7.81456E-06
108,1.010673E-05
109,1.164845E-05
110,1.023133E-05
111,5.685901E-06
112,6.047335E-06
113,7.876988E-06
114,7.643636E-06
115,7.924402E-06
116,7.517387E-06
117,1.116351E-05
118,4.966894E-06
119,8.103123E-06
120,9.470217E-06
121,8.569903E-06
122,7.8503E-06
123,4.055402E-06
124,1.015046E-05
125,4.3342E-06
126,7.590266E-06
127,7.459583E-06
128,9.613472E-06
129,1.15812E-05
130,7.479882E-06
131,8.207275E-06
132,1.120644E-05
133,6.961056E-06
134,7.612214E-06
135,8.500221E-06
136,5.983215E-06
137,1.274244E-05
138,9.360296E-06
139,2.168832E-06
140,3.79761E-06
141,5.862807E-06
142,5.516823E-06
143,7.657319E-06
144,9.983073E-06
145,3.602105E-06
146,6.273071E-06
147,4.005777E-06
148,5.577744E-06
149,7.956876E-06
150,5.914502E-06
151,6.084414E-06
152,2.443483E-07
153,5.493805E-06
154,5.034348E-06
155,5.747722E-06
156,8.309591E-06
157,5.227298E-06
158,5.976168E-06
159,3.407125E-06
160,2.68791E-06
161,5.482015E-06
162,3.378643E-06
163,5.189103E-06
164,3.539804E-06
165,2.786938E-06
166,2.63141E-06
167,8.351969E-06
168,4.39506E-06
169,7.265346E-06
170,2.149173E-05
171,5.341304E-05
172,1.71732E-05
173,1.337396E-05
174,1.336399E-05
175,9.140207E-06
176,8.673362E-06
177,8.694088E-06
178,9.41685E-06
179,1.277096E-06
180,6.834473E-06
181,1.025251E-05
182,7.240958E-06
183,1.024491E-05
184,8.230752E-06
185,7.644942E-06
186,4.796139E-06
187,5.641586E-06
188,3.652342E-06
189,6.057093E-06
190,6.994157E-06
191,4.628189E-06
192,7.754086E-06
193,8.762165E-06
194,3.315713E-06
195,3.544797E-06
196,4.567904E-06
197,3.480599E-06
198,7.088276E-06
199,6.282659E-06
200,6.677562E-06
201,2.933105E-06
202,5.923075E-06
203,1.053633E-05
204,7.146804E-06
205,1.708302E-05
206,6.80749E-06
207,1.072041E-05
208,1.448127E-05
209,9.962728E-06
210,1.06542E-05
211,5.15827E-06
212,4.356981E-06
213,7.821177E-06
214,3.699647E-06
215,4.872688E-06
216,5.226803E-06
217,5.912027E-06
218,5.339101E-06
219,5.933029E-06
220,6.484145E-06
221,7.118086E-06
222,1.013124E-05
223,8.52552E-06
224,1.062934E-05
225,9.033001E-06
226,9.325072E-07
227,1.102259E-05
228,1.112929E-05
229,6.08179E-06
230,8.78632E-06
231,5.36037E-06
232,9.436144E-06
233,9.194463E-07
234,1.158062E-05
235,7.585443E-06
236,4.764921E-06
237,8.615025E-06
238,7.073302E-06
239,4.650296E-06
240,6.147012E-06
241,8.619829E-06
242,4.695983E-06
243,9.693365E-06
244,3.145986E-06
245,7.625587E-06
246,4.166909E-06
247,7.88764E-06
248,3.882232E-06
249,3.970144E-06
250,3.641398E-06
251,1.006775E-05
252,7.099228E-06
253,8.748907E-06
254,5.525474E-06
255,0
0,0.00012689
1,0.0009395073
2,0.000716277
3,0.003535291
4,0.008534075
5,0.002819895
6,0.001685098
7,0.001355087
8,0.0008082415
9,0.0006806788
10,0.0004594089
11,0.0004394748
12,0.0004655026
13,0.0004164974
14,0.0003155603
15,0.0004142813
16,0.0002298912
17,0.0003995352
18,0.0002738844
19,0.0002917595
20,0.0002279031
21,0.0002413329
22,0.0002768944
23,0.0001808096
24,0.0002195197
25,0.0001486651
26,0.0001654781
27,0.000189314
28,0.0001800708
29,0.0003864847
30,0.0002328929
31,0.0002903831
32,0.0002187341
33,0.0001492345
34,0.0004877812
35,0.0001632005
36,0.0002105346
37,8.928113E-05
38,0.000359224
39,0.0002174497
40,3.803647E-05
41,0.0002310556
42,0.0001250175
43,0.0001050858
44,2.797291E-05
45,0.0001936315
46,0.0001237187
47,6.672213E-05
48,0.0002691068
49,0.0001959365
50,0.0003081347
51,0.00014867
52,9.935393E-05
53,0.0001516816
54,0.0001001367
55,0.0001149638
56,1.606647E-05
57,0.0001252929
58,0.0001228492
59,0.0001017072
60,6.075853E-05
61,7.498909E-05
62,9.058717E-05
63,3.441179E-05
64,8.346551E-05
65,4.098994E-05
66,8.436674E-05
67,5.884832E-05
68,6.744521E-05
69,0.0001085188
70,5.714838E-05
71,8.085863E-05
72,5.626111E-05
73,8.006782E-05
74,6.707634E-05
75,7.983323E-05
76,5.247427E-05
77,5.629953E-05
78,5.795029E-05
79,5.443813E-05
80,5.237214E-05
81,5.820214E-05
82,5.849546E-05
83,5.829937E-05
84,5.475087E-05
85,5.344126E-05
86,5.147143E-05
87,5.697635E-05
88,4.569327E-05
89,5.026284E-05
90,4.30979E-05
91,4.816307E-05
92,4.251283E-05
93,5.054628E-05
94,5.057512E-05
95,4.994463E-05
96,4.56731E-05
97,4.685373E-05
98,4.689411E-05
99,4.595964E-05
100,4.738219E-05
101,4.523621E-05
102,4.758932E-05
103,4.412568E-05
104,4.755659E-05
105,4.337296E-05
106,4.318913E-05
107,4.147194E-05
108,4.374463E-05
109,4.187907E-05
110,4.182064E-05
111,4.019933E-05
112,4.394644E-05
113,4.143684E-05
114,3.945494E-05
115,4.120133E-05
116,4.146477E-05
117,4.254642E-05
118,4.032828E-05
119,4.234335E-05
120,3.751109E-05
121,3.83492E-05
122,4.295555E-05
123,3.313984E-05
124,3.888223E-05
125,3.975495E-05
126,3.324075E-05
127,3.937895E-05
128,4.096505E-05
129,3.514499E-05
130,3.731802E-05
131,3.430585E-05
132,3.490483E-05
133,3.757301E-05
134,3.488654E-05
135,3.64164E-05
136,3.674957E-05
137,3.478486E-05
138,3.693616E-05
139,4.099359E-05
140,3.504417E-05
141,3.916347E-05
142,3.825173E-05
143,3.152035E-05
144,3.372071E-05
145,3.200326E-05
146,3.249511E-05
147,3.186002E-05
148,3.320859E-05
149,3.277382E-05
150,3.187512E-05
151,3.666003E-05
152,3.180755E-05
153,3.703405E-05
154,3.362472E-05
155,3.197884E-05
156,3.113276E-05
157,3.453606E-05
158,3.57789E-05
159,3.157741E-05
160,3.504914E-05
161,3.128433E-05
162,3.098843E-05
163,3.052363E-05
164,3.127422E-05
165,3.70299E-05
166,3.536919E-05
167,2.536257E-05
168,3.07567E-05
169,3.34308E-05
170,4.079508E-05
171,5.948002E-05
172,3.645985E-05
173,3.567032E-05
174,4.776623E-05
175,2.11464E-05
176,2.599882E-05
177,3.055337E-05
178,3.042905E-05
179,2.935399E-05
180,2.906847E-05
181,3.484707E-05
182,2.302916E-05
183,3.250568E-05
184,2.729924E-05
185,3.004794E-05
186,3.038478E-05
187,2.685754E-05
188,2.478194E-05
189,3.178026E-05
190,2.394477E-05
191,3.058532E-05
192,3.221348E-05
193,2.901601E-05
194,2.953724E-05
195,3.177727E-05
196,2.923155E-05
197,2.75755E-05
198,2.221072E-05
199,2.51973E-05
200,3.140101E-05
201,3.394864E-05
202,2.685459E-05
203,2.617442E-05
204,2.747679E-05
205,2.830053E-05
206,2.58218E-05
207,2.582583E-05
208,2.744468E-05
209,2.797599E-05
210,2.726978E-05
211,2.808747E-05
212,2.96668E-05
213,2.241082E-05
214,2.552986E-05
215,2.836076E-05
216,2.085417E-05
217,2.944809E-05
218,2.662898E-05
219,2.915934E-05
220,2.690529E-05
221,2.277644E-05
222,2.836638E-05
223,2.795264E-05
224,2.57634E-05
225,2.943176E-05
226,2.94399E-05
227,2.867111E-05
228,2.762293E-05
229,2.280391E-05
230,3.162096E-05
231,2.719576E-05
232,2.729847E-05
233,2.453098E-05
234,2.49471E-05
235,2.640583E-05
236,2.642692E-05
237,3.178664E-05
238,2.503764E-05
239,2.421224E-05
240,3.07951E-05
241,2.641031E-05
242,3.031475E-05
243,2.651592E-05
244,2.121644E-05
245,2.853696E-05
246,2.651913E-05
247,2.652246E-05
248,2.812318E-05
249,2.365695E-05
250,2.480898E-05
251,2.774279E-05
252,2.489547E-05
253,2.857462E-05
254,3.224465E-05
255,0
frequency,quantity
0,0.0001766615
1,0.0003256465
2,0.001753031
3,0.005768448
4,0.005907025
5,0.001531299
6,0.0006803893
7,0.0009530775
8,0.0004164407
9,0.0004863704
10,0.0005529865
11,0.000411245
12,0.00120397
13,0.0001818197
14,0.000122153
15,0.0001573333
16,0.0001203253
17,0.0001830724
18,0.0001153508
19,7.008399E-05
20,0.0001266464
21,8.517574E-05
22,0.0001340524
23,0.0001359387
24,0.0001009742
25,7.29106E-05
26,0.0001189063
27,0.0001771128
28,4.93943E-05
29,0.0002911488
30,0.0001577939
31,0.0002092254
32,0.0001701803
33,0.0001031802
34,8.735896E-05
35,7.063404E-05
36,0.0002187397
37,0.0002181523
38,0.0001032828
39,2.405929E-05
40,1.918376E-05
41,0.0001258504
42,4.343944E-05
43,4.193591E-05
44,0.0001294747
45,3.658285E-05
46,6.472919E-05
47,0.000112111
48,3.296359E-05
49,6.2147E-05
50,7.365104E-05
51,0.0002016595
52,0.0001481988
53,7.646465E-05
54,6.349209E-05
55,0.0001650203
56,6.12926E-05
57,0.0001527911
58,4.83428E-05
59,6.774784E-05
60,4.288115E-05
61,4.751026E-05
62,3.944064E-05
63,6.3007E-05
64,7.91901E-05
65,4.167141E-05
66,1.326911E-05
67,4.773153E-05
68,2.975427E-05
69,3.030133E-05
70,3.152866E-05
71,2.268893E-05
72,3.454153E-05
73,3.112445E-05
74,3.485314E-05
75,2.57643E-05
76,3.359262E-05
77,3.000677E-05
78,3.910463E-05
79,3.101359E-05
80,2.998301E-05
81,3.2056E-05
82,3.116002E-05
83,2.694198E-05
84,2.434603E-05
85,2.927067E-05
86,2.833798E-05
87,2.479338E-05
88,2.406298E-05
89,2.56637E-05
90,2.71942E-05
91,2.976369E-05
92,2.19471E-05
93,2.904347E-05
94,2.446698E-05
95,2.788978E-05
96,2.812611E-05
97,2.384007E-05
98,2.287695E-05
99,2.506706E-05
100,2.515162E-05
101,2.59502E-05
102,2.584118E-05
103,2.307975E-05
104,2.577234E-05
105,2.419411E-05
106,2.297895E-05
107,2.311382E-05
108,1.968089E-05
109,2.620759E-05
110,2.385395E-05
111,2.572488E-05
112,2.224229E-05
113,1.886821E-05
114,2.599254E-05
115,2.833574E-05
116,1.893319E-05
117,2.181377E-05
118,2.149317E-05
119,2.225506E-05
120,2.447971E-05
121,2.352028E-05
122,2.512699E-05
123,2.029419E-05
124,2.048578E-05
125,1.688836E-05
126,1.754523E-05
127,1.757071E-05
128,2.498262E-05
129,1.918448E-05
130,2.210361E-05
131,1.570099E-05
132,1.685124E-05
133,2.649139E-05
134,1.752889E-05
135,2.416251E-05
136,1.920116E-05
137,2.374817E-05
138,1.929701E-05
139,1.957193E-05
140,2.22232E-05
141,1.755857E-05
142,1.653725E-05
143,1.714773E-05
144,1.434271E-05
145,1.59264E-05
146,1.244428E-05
147,1.68551E-05
148,1.467169E-05
149,2.008447E-05
150,2.415325E-05
151,2.146895E-05
152,1.81361E-05
153,2.273374E-05
154,2.085542E-05
155,1.641761E-05
156,1.515858E-05
157,1.647265E-05
158,1.860419E-05
159,1.902524E-05
160,1.917831E-05
161,1.995456E-05
162,1.969206E-05
163,2.293287E-05
164,2.075842E-05
165,1.880088E-05
166,1.623671E-05
167,1.614344E-05
168,2.191082E-05
169,2.806601E-05
170,4.082971E-05
171,3.605816E-05
172,7.041356E-06
173,7.795712E-06
174,2.402615E-05
175,5.348336E-06
176,1.293763E-05
177,1.437456E-05
178,1.744029E-05
179,1.292442E-05
180,1.282127E-05
181,1.326324E-05
182,1.294329E-05
183,1.244572E-05
184,8.500849E-06
185,1.390784E-05
186,1.283032E-05
187,1.519284E-05
188,1.553899E-05
189,1.207189E-05
190,1.197028E-05
191,1.395926E-05
192,1.159153E-05
193,1.339796E-05
194,1.766183E-05
195,1.455075E-05
196,1.286557E-05
197,1.583683E-05
198,1.216967E-05
199,1.015007E-05
200,1.507775E-05
201,1.185521E-05
202,1.626844E-05
203,1.335106E-05
204,1.660601E-05
205,1.089213E-05
206,1.876586E-05
207,1.674972E-05
208,1.59888E-05
209,1.403648E-05
210,1.555369E-05
211,1.225463E-05
212,9.817675E-06
213,1.244659E-05
214,1.733721E-05
215,1.08584E-05
216,1.674314E-05
217,1.257328E-05
218,1.885501E-05
219,1.775757E-05
220,1.261952E-05
221,1.500796E-05
222,1.246551E-05
223,1.346566E-05
224,1.630591E-05
225,1.579523E-05
226,7.76071E-06
227,1.211184E-05
228,1.629934E-05
229,1.768442E-05
230,1.673479E-05
231,9.672444E-06
232,1.206357E-05
233,1.083218E-05
234,1.432227E-05
235,1.337064E-05
236,1.577913E-05
237,1.436056E-05
238,8.735018E-06
239,1.308808E-05
240,1.458087E-05
241,1.257961E-05
242,1.472397E-05
243,1.302181E-05
244,1.139318E-05
245,1.182562E-05
246,1.67423E-05
247,1.545E-05
248,1.604284E-05
249,1.398272E-05
250,1.497873E-05
251,1.764221E-05
252,1.371473E-05
253,1.50225E-05
254,1.310572E-05
255,0
